title,condition,kind
공공기관 NCS블라인드 채용,개강예정,사회
R을 이용한 데이터 분석,개강예정,공학
R을 이용한 금융데이터 분석,개강예정,공학
금융전문가에게 배우는 부자되는 가장 확실한 방법,개강예정,사회
투자를 위한 거시경제,개강예정,사회
금융전문가에게 배우는 글로벌 경제분석과 주식 투자 전략,개강예정,사회
중간관리자가 꼭 알아야하는 머신러닝과 빅데이터 기법,개강예정,공학
"금융전문가에게 배우는 주식과 채권, 펀드를 이해하고 투자하기_하",개강예정,사회
"금융전문가에게 배우는 주식과 채권, 펀드를 이해하고 투자하기_상",개강예정,사회
데이터 분석과 비즈니스를 위한 기초 통계학_상,개강예정,공학
데이터 분석과 비즈니스를 위한 기초 통계학_하,개강예정,공학
"나에게 맞는 '직무'찾기 - 인문,상경계열 편",개강예정,사회
나에게 맞는 '직무'찾기 - 이공계열 편,개강예정,사회
마케팅 데이터 사이언스-파이썬편,개강예정,공학
파이썬을 이용한 데이터 분석,개강예정,공학
파이썬 머신러닝,개강예정,공학
R머신러닝,개강예정,공학
최고투자책임자가 알려주는 자산배분 레시피,개강예정,사회
합격을 부르는 면접 스피치,개강예정,사회
취업준비를 위한 산업분석,개강예정,사회
채용 트렌드&준비 전략,개강예정,사회
KOICA와 함께하는 SDGs 알아보기,개강예정,사회
KOICA와 함께하는 프로젝트 사업관리,개강예정,사회
KOICA와 함께하는 국제개발협력 분야별 이슈,개강예정,사회
KOICA와 함께하는 국제개발협력 첫걸음,개강예정,사회
KOICA와 함께하는 세계시민교육(일반인),개강예정,사회
KOICA와 함께하는 국제개발협력: 범분야의 이해,개강예정,사회
비유와 우화로 보는 철학 산책,진행중,인문
생명의 파노라마,진행중,자연
한국 지오파크의 지형,진행중,자연
 인공지능과 모빌리티(AI+Mobility),진행중,공학
인공지능과 미래기술 (AI+Future Technology),진행중,공학
인공지능과 헬스케어(AI+Health Care),진행중,공학
 인공지능과 에너지(AI+Energy),진행중,공학
누구나 쓸 수 있는 메타버스(Metaverse that anyone can use),진행중,공학
국제무역론,진행중,사회
재미있는 4차 산업혁명 이야기,진행중,공학
위대한 수업2(GREAT MINDS) : 현실주의자들의 정치,청강가능,사회
디지털 마케팅과 소셜 미디어 브랜드 콘텐츠 전략,진행중,사회
아픈 영혼을 철학으로 치유하기 ,진행중,인문
AI시대 발명과 특허,진행중,사회
예술계열 캡스톤 디자인 설계,진행중,예체능
이공계열 학생을 위한 캡스톤 디자인 소개,진행중,공학
해외 비즈니스 기초,진행중,공학
영상콘텐츠 제작을 통한 사회적 기업의 이해,진행중,사회
"C언어기초 (배열,포인터,문자열,구조체)",진행중,공학
Zhuangzi's Fables and Their Wisdom,진행중,인문
꿈 성취의 비밀 라이프 로드맵(Life Roadmap; The Secret of Achieving My Dream),진행중,인문
공정사회로 가는 계약법,진행중,사회
원헬스와 신종 감염병,진행중,의료
수학으로 푸는 블록체인(Blockchain solved with mathematics),진행중,공학
기계-인간-환경 공존시대의 휴머니티 경영,진행중,공학
디지털 금융세상의 리스크관리,진행중,공학
청소년사회봉사개론,진행중,공학
청소년예술활동과 미디어,진행중,공학
청소년커뮤니티 운영의 실제,진행중,공학
커뮤니티예술활동의 이론과 실제,진행중,공학
케이팝(K-POP)으로 배우는 한국 대중문화,진행중,인문
위대한 수업2(GREAT MINDS) : 민주주의 난제,청강가능,사회
시니어 건강운동 지도자를 위한 이론과 실제,진행중,예체능
신체이완과 움직임 (소메틱 소도구 필라테스),진행중,예체능
바디발란스,진행중,예체능
액티브시니어를 위한 힐링 요가,진행중,예체능
사회적 경제와 소셜벤처 창업,진행중,사회
빅데이터와 융복합 창업,진행중,사회
전통활쏘기,진행중,예체능
현대인을 위한 감정 다스리기,진행중,사회
리더의 전략적 의사결정 ,진행중,사회
삶과 교육,진행중,교육
아시아계 미국인: 차별과 배제의 정치 ,진행중,사회
창업아이디어 탐색 및 실습,진행중,사회
인간의 판단과 의사결정,진행중,사회
공기조화기술 (HVAC) 기초,진행중,공학
사물인터넷(IoT)과 제어기술,진행중,공학
스마트 에너지 이론,진행중,공학
인공지능(AI)과 냉동공조,진행중,공학
유니티로 이해하는 인공지능과 기계학습 (feat. ML-Agent),진행중,공학
Vuforia를 활용한 AR 콘텐츠 만들기,진행중,공학
유니티 VR 프로그래밍,진행중,공학
프로그래밍 문법에서 자유로워지는 유니티 비주얼 스크립팅,진행중,공학
외국인유학생을 위한 한국대학문화,진행중,교육
미디어 빅뱅 시대의 예술-BTS를 중심으로-,진행중,예체능
데이터엔지니어링,진행중,공학
멀티미디어,진행중,공학
예술가와 디자이너를 위한 아트 코딩,진행중,융복합
비정형 데이터 분석: 소셜 네트워크의 이해 및 분석,진행중,사회
비정형 데이터 분석: 소셜 네트워크의 분석 심화,진행중,사회
영미문화 속 여성이야기,진행중,사회
임상정보학,청강가능,의료
마학·마술학 기초과정,진행중,자연
말보건관리·재활승마이론 기초과정,진행중,자연
한걸음 더 몽골어 더 알고 싶은 몽골어,진행중,인문
초급 힌디어 문법:A1,진행중,인문
" 이탈리아어, 첫 걸음 내딛기",진행중,인문
기초 태국어 (A1),진행중,인문
초급 인도네시아어 읽기,진행중,인문
초급 헝가리어-1,진행중,인문
기계 학습 기반의 데이터 공학,진행중,공학
"위대한 수업2(GREAT MINDS) : 다시 보는 <총, 균, 쇠>",청강가능,인문
블록체인 경제와 디지털 자산 혁명,진행중,인문
"차이나는 K-클라스 : 1시간에 몰아보는 K-컬처 총정리(유홍준, 김영대, 백은하)",청강가능,인문
생물정보학과 신약개발,진행중,의료
한국의 민주주의와 민주화 운동Ⅵ,진행중,사회
한국의 민주주의와 민주화 운동Ⅴ,진행중,사회
아트앤테크 융합예술의 이해,진행중,예체능
말조련 실무 기초과정,진행중,자연
민주 시민의식을 위한 동양 고전의 프리즘,진행중,인문
과학문화 명작세미나,진행중,인문
파이썬 프로그래밍,진행중,공학
생활과 문화를 통해 한국사 새롭게 이해하기,진행중,인문
R로 배우는 고급통계,진행중,공학
TeraONE 활용 빅데이터 통합 플랫폼 구축,진행중,공학
빅데이터 거버넌스,진행중,공학
빅데이터 분석 프로젝트,진행중,공학
논문작성 가이드,진행중,인문
나노 공정과 생산,진행중,공학
나노스케일 에너지 전달,진행중,공학
K-뷰티 마케팅,진행중,인문
K-뷰티 코디네이션,진행중,자연
색채와 퍼스널컬러,진행중,자연
바이오뷰티 창업과 성공전략,진행중,사회
문화융합시대의 창업,진행중,사회
파이썬으로 배우는 기계학습 입문 Plus+,진행중,공학
모성간호학,진행중,의료
빅데이터와 고객관계관리,진행중,사회
시와 상상력: 동서양의 명시를 통해 본 인문학적 상상력,진행중,인문
인간행동과 사회환경,진행중,사회
고대 그리스 신화와 문학세계,청강가능,인문
디지털 시대의 커뮤니케이션,청강가능,사회
위대한 수업2(GREAT MINDS) : 불평등의 수수께끼,청강가능,사회
"차이나는 K-클라스 : 우리 역사, K-콘텐트로 다시 태어나다(신주백)",청강가능,인문
"K-Development, From Where, To Where",청강가능,사회
자산관리와 인생재무제표,청강가능,사회
생물주권이야기 ,청강가능,인문
2030 축의 전환(2030),진행중,사회
이윤기의 그리스 로마 신화(Greek and Roman Mythology),진행중,인문
지금 팔리는 것들의 비밀(When They Buy),진행중,사회
보는 순간 사게 되는 1초 문구 (The power of a catchy phrase),진행중,사회
위기인가? 삼성하라! (Is Crisis? Do Samsung!),진행중,사회
게임 인류 (Gamification),진행중,공학
강원국의 어른답게 말합니다 (Speak like a real grown-up),진행중,인문
나의 월급 독립 프로젝트(My Salary Independent Project),진행중,사회
약속의 땅(A Promised Land),진행중,사회
언바운드(Unbound),진행중,사회
의료기술평가 연구방법론,진행중,의료
자원봉사 교육강사 만들기,진행중,사회
건강보험 보장성강화 제대로 알기,진행중,의료
자원봉사자 교육하기,진행중,사회
자원봉사활동 지원하기,진행중,사회
"메타버스로 맛보는 서해바다, 도(道)시(視)락(樂)",진행중,사회
양자정보처리 기초,진행중,공학
위대한 수업2(GREAT MINDS) : 미래에서 온 영화,청강가능,예체능
"차이나는 K-클라스 : 하이테크와 예술의 만남, K-도자기(이애령)",청강가능,예체능
식품위생법규(Food Sanitation Act),진행중,자연
발달지연 청소년의 참 세상살이를 위한 의사소통(4),진행중,교육
진공 공학 및 설계,진행중,공학
위대한 수업2(GREAT MINDS) : 도시는 어떻게 성공하는가,청강가능,사회
문화와 생활 속 청렴 시즌2,종료,교육
문화와 생활 속 청렴,종료,인문
코딩없는 SW개발,진행중,공학
개인정보: 보호와 이용의 법과 권리,진행중,사회
뇌과학: 현대인이 알아야할 지식들,진행중,의료
미래교육과 에듀테크 ,진행중,교육
"차이나는 K-클라스 : 지금은 웹툰 시대(한창완, 이종범)",청강가능,예체능
위대한 수업2(GREAT MINDS) : 국가는 무엇을 해야 하나,청강가능,사회
차이나는 K-클라스 : 뮤지컬 보러 한국 올래?(이지나),청강가능,예체능
디지털 논리회로와 인공지능,진행중,공학
발달장애 자녀를 위한 상담기법,진행중,사회
발달장애와 직업진로상담,진행중,사회
발달장애인 직업재활,진행중,사회
발달과 발달장애의 이해,진행중,사회
영유아 발달,진행중,교육
"위대한 수업2(GREAT MINDS) : 다시, 오래된 미래",청강가능,자연
"차이나는 K-클라스 : 1인치 장벽을 넘어선, K-배우의 힘(김신록, 백은하)",청강가능,예체능
Tsinghua Chinese: Start Talking with 1.3 Billion People,진행중,인문
Intermediate Accounting II,진행중,사회
Winning in Business: The Art of War by Sun Tzu,진행중,사회
사회로 기초다지기 일본어,진행중,인문
문화로 입문하기 일본어 ,진행중,인문
경제로 실력쌓기 일본어,진행중,인문
기술로 고수되기 일본어,진행중,인문
한국창업정책 60년사와 우수 기업 사례,청강가능,사회
세계로 통하는 한국어 : 초급Ⅰ,청강가능,사회
세계로 통하는 한국어 : 중급Ⅰ,청강가능,사회
세계로 통하는 한국어 : 초급Ⅱ,청강가능,사회
미생물학 입문,청강가능,자연
인공지능 학습용 데이터 라벨링 전문교육,청강가능,공학
설득을 위한 언어,진행중,인문
위대한 수업2(GREAT MINDS) : 힌두학 개론,청강가능,인문
인공지능 기반 생체신호계측 및 이상치 검출,진행중,공학
로봇공학과 인공지능,진행중,공학
금융공학을 위한 인공지능,진행중,공학
인공지능을 위한 파이썬 기초,진행중,공학
한국의 민주주의와 민주화 운동Ⅱ,진행중,사회
한국의 민주주의와 민주화 운동Ⅲ,진행중,사회
한국의 민주주의와 민주화 운동Ⅳ,진행중,사회
한국의 민주주의와 민주화 운동Ⅰ,진행중,사회
오픈소스를 이용한 DevOps 구축 및 활용,청강가능,공학
위대한 수업2(GREAT MINDS) : 인간의 두 얼굴,청강가능,인문
"차이나는 K-클라스 : K-POP, 대체 불가 장르가 되다(김영대)",청강가능,예체능
창업아이디어 탐색 및 실습,청강가능,사회
인간의 판단과 의사결정,청강가능,사회
사랑에 대하여: 과학으로 배우는 성과 젠더,청강가능,사회
디지털 시대와 정신건강,청강가능,의료
기계공학의 미래,청강가능,공학
동양철학과 21세기 문명,진행중,인문
창업가를 위한 브랜드 네이밍 기법,진행중,사회
언택트 시대의 건강관리 플러스,진행중,의료
뉴노멀 시대의 영상미학,청강가능,인문
논쟁으로 유학을 새롭게 바라보다,청강가능,인문
Beginner Creator를 위한 LED/LCD 디스플레이와 센서 활용,청강가능,공학
와인과 테이블매너,청강가능,사회
항공사 취업을 위한 미래 항공 운송 산업의 이해,청강가능,사회
UX/UI 디자인 프로젝트,청강가능,예체능
UI 디자인,청강가능,예체능
UX/UI 디자인 입문,청강가능,예체능
UX 디자인,청강가능,예체능
문화와 생활 속 청렴,종료,인문
문화와 생활 속 청렴 시즌2,종료,교육
"가자, 한국어",청강가능,교육
한국어교육학개론,청강가능,교육
한국어어휘교육론,청강가능,교육
한국어문법교육론,청강가능,교육
한국어발음교육론,청강가능,교육
언어의 신비 들추어보기,청강가능,교육
한국 현대문화의 이해,청강가능,교육
비만의 사회학,청강가능,교육
삼국지 인문학,청강가능,교육
운동선수는 외계인인가?,청강가능,교육
우리유산을 보호하고 활용하는 길라잡이,청강가능,사회
박물관 세계로 여행,청강가능,사회
"메타버스, 찐 고수되기",청강가능,사회
AI프로그래밍,진행중,사회
메타버스 & 실감콘텐츠의 이해,진행중,사회
중국신화 : 고대로의 시간여행 Ⅱ,청강가능,인문
창의적 문제해결을 위한 생각 프로세스 Ⅱ,청강가능,공학
"차이나는 K-클라스 : 현대적 멋을 입힌 전통 공연, 세계를 홀리다(정구호)",청강가능,예체능
체육학개론,진행중,예체능
사람중심 가치실현을 위한 인공지능,진행중,예체능
실용금융의 이론과 실제,진행중,사회
ICT가 바꾸는 미래의 법,청강가능,사회
"슬기로운 가정생활, 관계놀이",청강가능,사회
디지털 신기술 기반 신재생 에너지,청강가능,사회
아동건강과 K-아동돌봄교육,청강가능,교육
아동동작과 K-아동돌봄교육,청강가능,교육
교육심리기반 K-아동돌봄교육,청강가능,교육
K-아동돌봄교육 실천사례지도법,청강가능,교육
"차이나는 K-클라스 : K-게임, 세상을 플레이하다!(김상균)",청강가능,인문
위대한 수업2(GREAT MINDS) : 조향의 세계,청강가능,자연
말보건관리·재활승마이론 기초과정,종료,자연
마학·마술학 기초과정,종료,자연
찾아서 보는 수학,청강가능,자연
생물학적 인간Ⅱ,진행중,자연
모두를 위한 사회학 입문 Ⅱ,청강가능,사회
"글로벌시대, 문화관광콘텐츠의 이해",종료,사회
생활 속의 물리치료,종료,의료
기술경영개론,진행중,사회
실전경영의 이해,진행중,사회
기업가정신과혁신,진행중,사회
문화창업마케팅,진행중,사회
공자의 지혜 The Confucius’ Wisdom,진행중,인문
차이나는 K-클라스 : 볼수록 매력적인 전통미술 속 K-미소(정명희),청강가능,예체능
외국인근로자 사업담당자가 알아야 할 보건의료지원의 이해,종료,의료
위대한 수업2(GREAT MINDS) : 역사를 바꾼 무기들,청강가능,인문
아동과 청소년의 건강환경 Ⅱ,청강가능,인문
발레 : 융합문화예술의 실제 Ⅱ,청강가능,인문
DT시대 온택트 교육학개론,청강가능,융복합
생각보다 가까운 FTA(2),청강가능,융복합
임상증상으로 알아보는 반려동물의 질병,청강가능,자연
"차이나는 K-클라스 : 애매모호한 춤, 세상을 뒤집다(김보람)",청강가능,예체능
혁신 마케팅 CASE STUDY,청강가능,예체능
반도체 공정 입문,청강가능,예체능
비전공자를 위한 기초 화학,청강가능,예체능
문화콘텐츠의 이해,청강가능,예체능
문화콘텐츠 스토리텔링 분석,청강가능,예체능
고전문헌과 역사문화Ⅱ,청강가능,인문
4차 산업시대 미래 질병과 신약개발,진행중,인문
건강한 삶을 위한 운동 스마트한 헬스케어,진행중,인문
증권투자이론 기초,진행중,인문
클릭! 부산(문화와언어),진행중,인문
비전공자를 위한 AI 딥러닝(Deep Learning),진행중,공학
천문학이야기,진행중,자연
자연모사기술,진행중,자연
알기 쉬운 기계재료 성형,청강가능,공학
대한민국의 시작 '대한민국 임시정부',청강가능,인문
한국독립운동의 역사,청강가능,인문
독립군의 요람 '신흥무관학교',청강가능,인문
인공지능 학습용 데이터 라벨링 전문교육,청강가능,공학
문화와 생활 속 청렴,종료,인문
문화와 생활 속 청렴 시즌2,종료,교육
연극으로 하는 창의감성교육,진행중,예체능
교육을 변화시키는 교육연극,진행중,예체능
스마트폰으로 영화 만들기,진행중,예체능
시나리오란 무엇인가?,진행중,예체능
연극 오디세이,진행중,예체능
연기와 오디션 테크닉,진행중,예체능
소비자가 만드는 새로운 세상,청강가능,사회
"도시 부산, 공간을 말하다",청강가능,인문
현해탄과 근대 부산,청강가능,인문
영화제를 만드는 사람들,청강가능,예체능
믿고 보는 부산 문화,청강가능,인문
인문으로 우려낸 부산의 맛,청강가능,인문
비름박 넘어 부산말,종료,인문
글로벌이슈와 세계시민(Global Issues and Global Citizenship),진행중,인문
전쟁과평화(War and Peace),청강가능,인문
위대한 수업2(GREAT MINDS) : 사랑의 사회학,청강가능,사회
차이나는 K-클라스 : 세계를 울리고 웃기는 우리 이야기의 힘(황석영),청강가능,인문
지혜로운 금융생활,진행중,사회
중국신화 : 고대로의 시간여행 Ⅰ,청강가능,인문
창의적 문제해결을 위한 생각 프로세스 Ⅰ,청강가능,공학
희망의 인문학 : 우리는 희망에서 무엇을 배우고 가르칠 수 있는가 Ⅱ,청강가능,인문
가족과 건강 : 질병예방과 건강증진 Ⅱ,청강가능,의료
R로 배우는 고급통계,종료,공학
TeraONE 활용 빅데이터 통합 플랫폼 구축,종료,공학
빅데이터 분석 프로젝트,종료,공학
인지와 감성,진행중,공학
감성디자인,청강가능,공학
감성 인공 지능,청강가능,공학
생체신호와 데이터 분석,청강가능,공학
감성컴퓨팅,청강가능,공학
"게임엔진을 이용한 실감콘텐츠(VR, AR) 기획과 개발",진행중,공학
생성 모델과 시각 지능,진행중,공학
인공지능시대의 사회적 쟁점,진행중,공학
휴먼컴퓨터인터페이스,청강가능,공학
자율 에이전트 및 멀티 에이전트 시스템,청강가능,공학
빅데이터 거버넌스,종료,공학
동아시아에서의 역사 인식과 화해(The Historical Recognition and Reconciliation in East Asia),진행중,공학
프로메테우스의 불; 과학과 전쟁(Fire of Prometheus; Science and War),진행중,공학
차이나는 K-클라스 : 디지털로 부활하는 K-문화유산(박진호),청강가능,예체능
위대한 수업2(GREAT MINDS) : 빅테크 기업의 흥망성쇠,청강가능,사회
위대한 수업2(GREAT MINDS) : 미식의 세계,청강가능,자연
소재가 빚어내는 문명의 화음,청강가능,융복합
생활과 건강,청강가능,의료
꼬리에 꼬리를 무는 역사1,청강가능,인문
생활속의 철학,청강가능,인문
영상의 이해,청강가능,예체능
의료 인공지능 개론 ,종료,의료
소비자 건강정보 도구와 모바일헬스 ,종료,의료
보건의료데이터 활용 이해 ,종료,의료
정보의학개론,종료,의료
희망의 인문학 : 우리는 희망에서 무엇을 배우고 가르칠 수 있는가 Ⅰ,청강가능,인문
가족과 건강 : 질병예방과 건강증진 Ⅰ,청강가능,의료
SQL 정형 데이터 분석,종료,공학
선형대수로 배우는 빅데이터,종료,공학
대용량 데이터 처리,종료,공학
빅데이터 프레임워크,종료,공학
머신러닝 빅데이터 분석,종료,공학
빅데이터를 위한 확률과 통계,종료,공학
빅데이터 플랫폼,종료,공학
비정형 데이터 분석,종료,공학
바이오에너제틱스,청강가능,자연
대화와 인간관계,청강가능,인문
스마트 팩토리에 대한 이해 : 우리는 제조업을 어떻게 스마트하게 만들 수 있는가?,청강가능,공학
영상처리와 패턴인식,청강가능,공학
정부와 행정,청강가능,사회
"손끝 금융, 핀테크 경영",청강가능,사회
할 수 있게 하는 4IR 기술,청강가능,의료
PACK&TECH;: 패키징(기초편),청강가능,공학
공직사회 반부패 원리와 방안,청강가능,사회
우주생명과학: 우주에서 만난 지구인,청강가능,자연
엑셀로 배우는 비용편익분석,청강가능,사회
차이나는 K-클라스 : 시대와 호흡한 K-건축의 세계(김봉렬),청강가능,예체능
UX/UI 디자인 프로젝트,청강가능,예체능
UI 디자인,청강가능,예체능
UX 디자인,청강가능,예체능
가족과 건강 : 운동과 뇌 건강 Ⅱ,청강가능,의료
모범시민의 교양회계 Ⅱ,청강가능,사회
뮤지컬로 읽는 문학작품,종료,인문
호텔을 알면 여행이 즐겁다,종료,사회
창의적인 사람의 7가지 습관,종료,사회
건강과 식생활,종료,사회
4차산업혁명 시대의 디지털 윤리,종료,공학
부자학,종료,사회
소프트웨어와 창의적사고,종료,공학
사랑의 인문학,종료,인문
한국 생활사,종료,인문
대중음악과 청년문화,청강가능,사회
미적분학Ⅲ-벡터미적분학,청강가능,자연
클래식 친구 만들기,청강가능,예체능
언택트 시대 속 게임의 역할 - 일상을 건강하고 풍요롭게,청강가능,인문
자기돌봄을 위한 통합예술심리,청강가능,의료
사이버상담 개론,청강가능,사회
언택트 시대의 생활금융,청강가능,사회
노인상담 이론과 기법,청강가능,사회
노인문제와 심리평가,청강가능,사회
노인상담의 실제,청강가능,사회
웹문학과 디지털 인간,청강가능,인문
웹소설 창작과 업로드,청강가능,인문
웹툰 스토리 작법,청강가능,인문
웹스토리텔링과 유튜브,청강가능,인문
웹스토리 콘텐츠 운용,청강가능,인문
3D 프린터! 아이디어를 출력하라,청강가능,공학
인공지능 윤리,청강가능,공학
노인상담의 이해,청강가능,사회
전생애 발달과 노인심리,청강가능,사회
위대한 수업2(GREAT MINDS) : 플랫폼 제국의 비밀,청강가능,인문
해외긴급구호 의료팀 교육,청강가능,의료
초급아랍어 입문과정2,청강가능,인문
초급몽골어 입문(A1-2),청강가능,인문
포르투갈어초급 입문과정2,청강가능,인문
포르투갈어초급 입문 과정,청강가능,인문
초급베트남어 듣기 말하기2,청강가능,인문
초급베트남어 듣기 말하기,청강가능,인문
초급몽골어 입문(A1-1),청강가능,인문
초급아랍어 입문과정,청강가능,인문
"차이나는 K-클라스 : 세상 어디에도 없는 종합예술, 판소리(이자람)",청강가능,예체능
인간 감성으로 풀어보는 행동경제 이야기,청강가능,사회
결정의 미학 : 결정이 두려운 당신에게,청강가능,인문
미래 모빌리티 최신 기술동향,청강가능,공학
조선 산업 : 미래기술의 집합체가 되다,청강가능,공학
미래산업에서 수소연료전지의 위상,청강가능,공학
가족과 건강 : 운동과 뇌 건강 Ⅰ,청강가능,의료
모범시민의 교양회계 Ⅰ,청강가능,사회
Harmonic functions of two real variables and Applications,진행중,사회
Design Thinking : 문제의 발견과 해결,진행중,사회
디자인 씽킹을 넘어 가치 디자인으로,진행중,사회
"미생물, 면역, 그리고 감염성 질병",진행중,자연
스마트 계약 및 응용,진행중,공학
고급 블록체인 이론 및 응용,진행중,공학
지구과학과 환경기술,진행중,자연
데이터과학을 위한 R프로그래밍,진행중,자연
나노광학: 플라즈모닉스와 메타물질,진행중,공학
양자물리와 양자컴퓨팅 기초,진행중,자연
시스템 반도체 설계(하드웨어 시스템즈),진행중,자연
"아날로그와 디지털 세계를 잇는, 메이커 입문",진행중,사회
코딩으로 배우는 일반화학,진행중,자연
블록체인 입문,진행중,공학
블록체인 이론 및 응용,진행중,공학
암호화폐 이론 및 응용,진행중,공학
왜 음식윤리인가 : 문제 해결의 열쇠,청강가능,자연
멀티링구얼 습득과 실천: 일본어와 영어를 동시에 배우기(초급),청강가능,자연
기업가정신과 기업가적 행동,청강가능,사회
베트남어 읽기 A2,청강가능,인문
인도네시아어 A1,청강가능,인문
크메르어 문자와 기초회화,청강가능,인문
기초 힌디어,청강가능,인문
초급 아랍어,청강가능,인문
최초반응자를 위한 외상처치술,청강가능,의료
언리얼 엔진 리얼 제작기,청강가능,공학
마케팅조사론,청강가능,사회
영화와 테크놀로지,청강가능,예체능
문화와 생활 속 청렴 시즌2,종료,교육
문화와 생활 속 청렴,종료,인문
통증을 물어보는 진료 중국어,청강가능,인문
통증을 알아듣는 진료 중국어,청강가능,인문
패턴으로 정복하는 중급중국어,청강가능,인문
쉽게 들어가는 중국어 입문,청강가능,인문
"차이나는 K-클라스 : 세상 '힙'한 요즘 노래, K-민요(이희문)",청강가능,예체능
"차이나는 K-클라스 : K-콘텐트, 80억 구독자를 잡아라!(원동연)",청강가능,예체능
위대한 수업2(GREAT MINDS) : 한 컷의 세계,청강가능,예체능
"가자, 한국어",청강가능,예체능
한국어교육학개론,청강가능,예체능
한국어문법교육론,청강가능,예체능
한국어발음교육론,청강가능,예체능
한국 현대문화의 이해,청강가능,예체능
비만의 사회학,청강가능,예체능
삼국지 인문학,청강가능,예체능
디지털 논리회로와 인공지능,청강가능,공학
알기 쉬운 원자력 에너지 이야기,청강가능,공학
문학과 예술이론의 아포리아에 대한 동서양의 대화,청강가능,공학
언어의 세계 : 중국,청강가능,공학
패션 스튜디오,청강가능,공학
생활 속의 헌법 이야기,종료,사회
터키어 읽기 A2,청강가능,인문
대기오염개론,청강가능,공학
전산유체역학,청강가능,공학
에어로졸개론,청강가능,공학
미세먼지를 알아보자!,청강가능,공학
법률가와 정치,청강가능,사회
응용유체역학,청강가능,공학
한국문화로 배우는 한국어,청강가능,공학
블록체인과 비즈니스 서비스,청강가능,사회
건강한 삶: 건강한 몸과 병든 몸,청강가능,의료
영화로 이해하는 불안과 공포,청강가능,예체능
"호모, 인간을 말하다",청강가능,인문
미래를 위한 교수법 ② : 학습자 중심 비대면 교육,청강가능,교육
고대 그리스 신화와 문학세계,청강가능,인문
디지털 시대의 커뮤니케이션,청강가능,사회
성공적인 소셜벤처 창업을 위한 실무 개론,청강가능,사회
헌법: 갈등해결의 코드,청강가능,사회
예술적 얼굴과 감정조절,종료,예체능
"기본권, 세상과 통하는 法",청강가능,사회
반려견 컷 스타일링,청강가능,자연
환경관리학,청강가능,자연
반려견 기본예절훈련,청강가능,자연
반려동물의 이해,청강가능,자연
펫 소품 디자인,청강가능,자연
기초 반려견 스타일링,청강가능,자연
인간 뇌의 이해,청강가능,자연
흔들리는 20대 : 청년 심리학,청강가능,자연
현대사회 건강문제와 인간돌봄학문으로서의 간호,청강가능,자연
서울대 소장품 감상하기: 예술을 중심으로 ,청강가능,자연
서울대 소장품 감상하기: 문화재를 중심으로,청강가능,자연
감염병 대응 음압병실 체험하기,청강가능,자연
경제학원론 : 거시경제학,청강가능,자연
현대철학사조: 현대철학의 거장들,청강가능,자연
니체 읽기-인문고전 『차라투스트라는 이렇게 말했다』,청강가능,자연
교육연구를 위한 통계방법,청강가능,자연
논어와 현대 사회 - 리더를 위한 논어 읽기,청강가능,자연
데이터로 배우는 통계학,청강가능,자연
종교 상징의 이해,청강가능,자연
소비자와 시장,청강가능,자연
환자 시뮬레이터 체험하기,청강가능,자연
경제학 들어가기,청강가능,사회
경제학원론 : 미시경제학,청강가능,사회
상담학 들어가기,청강가능,사회
행복심리학,청강가능,사회
언어와 인간,청강가능,사회
문학/영화와 인공지능,청강가능,사회
인공지능의 기초,청강가능,사회
데이터 마이닝,청강가능,사회
인공지능 만들기,청강가능,사회
심리학과 인공지능,청강가능,사회
언어학과 인공지능,청강가능,사회
철학과 인공지능,청강가능,사회
인간 중심 성찰과 디자인,청강가능,사회
경제통계학 3부 - 표본조사와 통계적 추론 ,청강가능,사회
빅데이터와 인공지능의 응용,청강가능,사회
경제통계학 1부 : 그림과 수치를 이용한 자료의 정리,청강가능,사회
"경제통계학 2부 - 통계적 추론을 위한 개념, 도구, 사례 ",청강가능,사회
아시아사 개척자들의 역사 이야기 + @,청강가능,인문
도전! 국제조세법 101,종료,사회
마켓과 ING하기: 마케팅 고수가 되기 위한 원리,청강가능,사회
"도시와 건축 실무의 접점, 단지계획",청강가능,공학
정의롭고 좋은 삶에 관한 이야기 - 플라톤 <국가> 읽기,청강가능,인문
국제이주의 이해,청강가능,사회
인공지능 만들기 : 기계학습 방법론의 이해,청강가능,자연
레이저란 무엇인가? 기초에서 응용까지,청강가능,공학
"장애, 체육을 만나다: 장애인체육 제대로 알기",청강가능,예체능
성공하는 사업자를 위한 법인세 세무전략,청강가능,사회
내 삶에 영향을 주는 음악 수업,청강가능,예체능
여성과 정치,청강가능,사회
한국의 자연지리,청강가능,자연
"도시성장기 서울의 도시 개발 경험, 1960-2010",종료,공학
알기 쉬운 분자생물학,청강가능,자연
아동상담: 놀이와 예술을 통한 어린이 마음치료 - 놀이･예술 기반 아동상담의 특성과 과정,청강가능,자연
아동상담: 놀이와 예술을 통한 어린이 마음치료 - 아동의 증상에 따른 놀이･예술 기반 상담의 실제,청강가능,자연
아동상담: 놀이와 예술을 통한 어린이 마음치료 - 아동 문제의 이해와 놀이･예술 심리평가,청강가능,자연
독일어권 국가들의 문화 이해,청강가능,인문
도시경제,청강가능,사회
논리적 영어 글쓰기,청강가능,인문
운동생리학,청강가능,교육
현재와 대화하는 조선시대사,청강가능,인문
학문적 글쓰기를 위한 한국어 문법,청강가능,인문
대학생을 위한 영어의 장벽 넘기,청강가능,인문
제한된 윤리성: 원인과 처방,청강가능,사회
직장인을 위한 영어의 장벽 넘기,청강가능,인문
강화학습의 수학적 기초와 알고리듬 이해,청강가능,공학
Machine Learning for Data Science,청강가능,공학
미생물과 건강보건,청강가능,의료
리스크 관리의 이해 및 응용,청강가능,사회
혁신 경영을 위한 다양성 전략,청강가능,사회
인공지능 기반 소셜벤처의 비즈니스 모델 개발,청강가능,사회
인공지능 기반 디자인 트렌스포메이션,청강가능,예체능
사이보그 인문학,청강가능,인문
민법학입문,청강가능,사회
사물인터넷(Internet of Things),청강가능,공학
출근길 사이보그 인문학(마이크로강좌),청강가능,인문
5분 생활 보건(마이크로강좌),청강가능,의료
다양성과 공존 그리고 비즈니스 사례,청강가능,사회
스마트 리스크 관리,청강가능,사회
모두를 위한 사회학 입문 Ⅰ,청강가능,사회
ICBM+AI 개론,청강가능,공학
고전문헌과 역사문화Ⅰ,청강가능,인문
"행정과 인공지능: 정부, AI에 미래를 묻다.",청강가능,사회
삶을 버티게 하는 가치들,청강가능,인문
고전과 현실경영,청강가능,인문
인문고전 마르크스의 <자본>을 읽다,청강가능,인문
문학예술과 광기,청강가능,인문
법집행의 딜레마 (Law Enforcement’s Dilemma),청강가능,사회
K-하브루타 : 부모교육,청강가능,교육
성공적인 이미지 메이킹,청강가능,예체능
와인 미학,청강가능,인문
현대인의 정신건강,청강가능,사회
4차 산업혁명과 경영혁신,청강가능,사회
설득의 과학,청강가능,사회
조선 문인들이 사랑한 나의 집,청강가능,인문
역사와 문화 속의 인간,청강가능,인문
"의료사고, 법으로 이해하기",청강가능,사회
건축과 도시의 인문학,청강가능,공학
구글도 인정한 구글 도구 마스터되기,청강가능,공학
라이프디자인씽킹 : 대학생의 진로 탐색 프로젝트,청강가능,교육
그림으로 듣는 한국 음악,청강가능,교육
2030세대를 위한 부동산(기초),청강가능,사회
2030세대를 위한 부동산(실무),청강가능,사회
B.U.S.(body-user-safety) 지식브릿지,청강가능,인문
TRAVEL TO ENGLISH GRAMMAR WORLD,청강가능,인문
인간관계 심리학,청강가능,사회
생각의 르네상스,청강가능,인문
의학으로 배우는 삶의 지혜,청강가능,의료
부산과 세계,청강가능,인문
부산과 영화,청강가능,예체능
스피치트레이닝,청강가능,사회
포스트휴먼의 이해,청강가능,인문
유튜브와 SNS에서 저작권,청강가능,사회
<삼자경三字經> 인문학 -세 글자로 읽는 중국문화-,청강가능,인문
"한국근대사, 감춰진 이야기",청강가능,인문
일반화학 개념의 핵심,청강가능,자연
공동주택 분쟁 이해,청강가능,사회
신뢰성공학,청강가능,공학
리부팅 인간 중심 과학,청강가능,교육
손생님! 한국수어를 부탁해요-고급편(한국 수어의 문법)-,청강가능,인문
손생님! 한국수어를 부탁해요-입문편(한국수어 기초어휘)-,청강가능,인문
손생님! 한국수어를 부탁해요-기초편(한국수어 기초회화)-,청강가능,인문
사건과 스캔들로 보는 옛이야기,청강가능,인문
손생님! 한국수어를 부탁해요-활용편(한국수어 활용)-,청강가능,인문
추리소설의 인문학적 탐구,청강가능,인문
차이나 허스토리,청강가능,인문
약물유전체학,청강가능,자연
기초심폐소생술과 응급처치,청강가능,의료
생물학적 인간Ⅰ,청강가능,자연
셰익스피어,청강가능,인문
실습으로 배우는 머신러닝,청강가능,공학
재즈 연주개념을 통한 음악의 이해,청강가능,예체능
영화로 배우는 성장발달과 건강증진,청강가능,의료
미래 지식과 정보화 사회의 핵심 AI,청강가능,공학
지능 정보 사회와 AI 윤리,청강가능,공학
인공지능 개론 및 응용,청강가능,공학
C 프로그래밍 개론,청강가능,공학
데이터 구조,청강가능,공학
데이터로 바라본 4차 산업혁명 기술,청강가능,공학
세상을 바꾸는 빅데이터,청강가능,공학
알기쉬운 데이터베이스론,청강가능,공학
영상처리,청강가능,공학
파이썬 프로그래밍,청강가능,공학
인문학을 품은 한의학 ,청강가능,인문
자연을 닮은 피부와 건강,청강가능,자연
현대인의 한방건강관리,청강가능,의료
침구와 경락 피부미용,청강가능,자연
스토리텔링으로 만나는 한의콘텐츠 기획,청강가능,인문
"인간,향(香)을 만나다",청강가능,인문
"스킨케어, 한의학과의 만남",청강가능,자연
맞춤형 화장품의 이해,청강가능,자연
실용아트 메이크업,청강가능,예체능
피부미용과 K-뷰티,청강가능,자연
본초학과 한방팩,청강가능,자연
스마트식생활,청강가능,자연
재활 스트레칭,청강가능,자연
향기 치유,청강가능,자연
센서 및 구동기,청강가능,공학
지식재산권,청강가능,사회
아동과 청소년의 건강환경 Ⅰ,청강가능,사회
발레 : 융합문화예술의 실제 Ⅰ,청강가능,사회
HTML에서 웹앱까지+,청강가능,공학
기초 터키어 여행 회화,청강가능,인문
기초 우즈베크어 생활회화,청강가능,인문
힌디어 문자 및 발음과 기초여행회화,청강가능,인문
기초 몽골어,청강가능,인문
폴란드어 ABC와 기초여행회화,청강가능,인문
포르투갈어 Pre-A1,청강가능,인문
기초 헝가리어,청강가능,인문
스와힐리어 기초회화,청강가능,인문
기초 인도네시아어,청강가능,인문
태국어 문자와 기초회화,청강가능,인문
기초이란어(페르시아어),청강가능,인문
금융 AI,청강가능,사회
지역사회 건강관리와 사회문제 해결,종료,사회
크리에이터를 위한 글쓰기,청강가능,인문
신경망 네트워크와 수학적 기반,청강가능,공학
딥러닝의 깊이 있는 이해를 위한 머신러닝,청강가능,공학
인공지능 연구동향,청강가능,공학
세대간 소통을 위한 리더십,청강가능,교육
신 한류 문화의 이해,청강가능,인문
미래를 위한 교수법 : 테크놀로지를 활용한 학습자 중심 교육,청강가능,교육
구글 도구로 만드는 혁신적인 일상,청강가능,공학
혁신의 기술 : 3D프린터로 만드는 희망,청강가능,공학
"혁신의 기술 ② : 신뢰의 미래, 블록체인을 만나다",청강가능,공학
라이프디자인씽킹 ③ : 부모 다시보기,청강가능,교육
외국인유학생을 위한 한국대학문화,청강가능,교육
라이프디자인씽킹 ② : 직장인의 워라밸 찾기 프로젝트,청강가능,교육
생물화학공학,청강가능,자연
사회복지실천과 요양보호(Social Work Practice & Long Term Care),청강가능,의료
자율주행 인공지능 시스템,청강가능,공학
21세기 미학의 새로운 발견,종료,인문
성장과발달,청강가능,의료
비즈니스를 위한 인공지능,청강가능,사회
음악은 왜 치료적인가?,청강가능,의료
실사례를 통한 머신러닝 알고리즘 구현 실습,청강가능,공학
우리 문화 속의 한자어,청강가능,공학
내 안의 세상을 만나는 치유여행 -실존과 심리치료의 만남,청강가능,사회
언택트 시대의 눈건강 관리법,청강가능,사회
SW&AI; 전공 진입을 위한 수학,청강가능,공학
위대한 수업2(GREAT MINDS) : 자유론,청강가능,사회
실전 타이포그래피,청강가능,예체능
시니어 건강운동 지도자를 위한 이론과 실제,청강가능,예체능
신체이완과 움직임 (소메틱 소도구 필라테스),청강가능,예체능
시란 무엇인가,청강가능,인문
바디발란스,청강가능,예체능
액티브시니어를 위한 힐링 요가,청강가능,예체능
자동차-SW-디자인 융합기술의 기초,청강가능,공학
삶과 경력개발,청강가능,사회
실생활에서 만나는 경영의사결정,청강가능,사회
사회적경제기업가의 경영전략,청강가능,사회
역사 초보자를 위한 한국사 엿보기,청강가능,인문
웨어러블 컴퓨터 디자인,청강가능,공학
콘텐츠산업의 비즈니스 전략,청강가능,공학
AI융합교육의 이해,청강가능,교육
미디어 빅뱅 시대의 예술-BTS를 중심으로-,청강가능,예체능
융합예술과 문화공간 기획,청강가능,예체능
미래교육의 이해,청강가능,교육
기계학습,청강가능,공학
정보보호와 보안의 기초,청강가능,공학
데이터엔지니어링,청강가능,공학
예술가와 디자이너를 위한 아트 코딩,청강가능,융복합
모두를 위한 머신러닝,청강가능,공학
외식산업 인터넷 마케팅,청강가능,사회
멀티미디어,청강가능,공학
코딩과 스토리텔링,청강가능,공학
인공지능 콘텐츠 아트 프로듀싱,청강가능,예체능
소셜벤처 빌드업 과정,청강가능,사회
소셜벤처 워밍업 과정,청강가능,사회
3D Printing 제품 모델링,청강가능,공학
SW 코딩 프로그래밍,청강가능,공학
가상현실과 미디어 기술,청강가능,공학
마인드키퍼 정신건강 초기단기 개입과정,청강가능,의료
엔지니어 정약용 탐구,청강가능,공학
생산성 높은 공장 만들기,청강가능,공학
손과 눈으로 따라하는 석유화학 품질실무,청강가능,공학
컴퓨터활용능력 1급,청강가능,공학
인문·사회계열 전공생을 위한 Python 입문,청강가능,공학
"내일, 내 일은 산업강사",청강가능,교육
"도전, 정신건강 사회복지사",청강가능,사회
자원봉사 시민교육을 말하다,청강가능,사회
마음챙김으로 스트레스 다스리기,청강가능,인문
발달장애인과 함께 세상속으로,청강가능,사회
"베이비시터, '함께 키움'의 세상 만들다",청강가능,인문
사회복지사를 위한 케어 매니지먼트,청강가능,사회
온라인 참여형 심리백신,청강가능,사회
우리 아이를 위한 아동안전설명서,청강가능,교육
세계일주로 배우는 국가와 도시(Learning State and City by traveling around the world),종료,사회
딥러닝 개론,종료,공학
건강운동과 웰니스,종료,의료
발달지연 청소년의 참 세상살이를 위한 의사소통(1): 대인관계 기술,종료,교육
발달지연 청소년의 참 세상살이를 위한 의사소통(2): 학업과 학교생활에 관한 기술,종료,교육
지적장애학생교육,종료,교육
발달지연 청소년의 참 세상살이를 위한 의사소통(3): 실제생활기술,종료,교육
발달장애인을 위한 꿈의 대학,종료,교육
문화적 다양성과 사회 정의,종료,사회
지역문화의 이해,종료,인문
한국문화의 이해 ,종료,인문
사회복지정책론,종료,사회
사회복지역사,종료,사회
성인학습 및 상담,종료,교육
소매틱 재활,종료,의료
소비자행동의 심리학,종료,사회
수어의 이해 ,종료,교육
회로이론,종료,공학
함께하는 장애탐험,종료,교육
어패럴패턴캐드,종료,예체능
"Identity, Agency, Equality and Security in the Age of AI",청강가능,사회
건축으로 읽는 사회문화사,청강가능,공학
인간은 왜 병에 걸리는가?: 질병의 생태와 진화,청강가능,자연
음악과 과학/기술,청강가능,예체능
세 문명 이야기: 중세 지중해 교류사,청강가능,인문
교육데이터 분석,청강가능,교육
인간행위와 사회구조,청강가능,사회
"인공지능과 기계학습, 원리와 응용",청강가능,사회
의생명과학기술과 법,청강가능,사회
기업명성과 커뮤니케이션,청강가능,사회
R 프로그래밍의 기초,청강가능,교육
한국문화 깊이 읽기,청강가능,인문
생물다양성과 생물자원,청강가능,자연
"빅데이터의 세계, 원리와 응용",청강가능,사회
동물의 행동,청강가능,자연
어원으로 문화읽기,청강가능,인문
현대물리학과 인간사고의 변혁,청강가능,자연
아동의 신비한 언어습득력: 이중언어 아동,청강가능,인문
애니메이션의 이해,청강가능,예체능
여행과 지리,청강가능,사회
포스트휴먼 인문학,청강가능,인문
북한관광의 이해와 전망(Understanding and Prospects of North Korean Tourism),청강가능,인문
기술융합시대의 라이프 트렌드,청강가능,사회
재난과 정신건강(Disaster and Mental Health),종료,사회
국제지역학 입문II : 개발협력학,청강가능,사회
인간관계와 정신건강,청강가능,사회
국제지역학입문I:지역학,청강가능,사회
기후변화와 에너지 선택문제,청강가능,사회
해양문화산업의 이해,청강가능,인문
해양인문학의 이해,청강가능,인문
역사와 자연 생태로 알아보는 독도이야기,청강가능,인문
건축 파라메트릭 디자인,청강가능,공학
문학과 영화를 통한 법의 이해,청강가능,사회
진로지도와 상담,청강가능,교육
젠더와 융합인성,청강가능,인문
범죄자 마음을 엿보다: 안전한 사회를 위하여,종료,사회
K-콘텐츠로 배우는 한국문화,청강가능,인문
외국인을 위한 다문화 한국사회의 이해,청강가능,사회
민족의 지성 다산 정약용의 삶과 철학,청강가능,인문
5분 안에 톺아보는 ‘북한의 민족유산(문화재)’,청강가능,인문
발달장애 자녀를 위한 상담기법,청강가능,사회
발달과 발달장애의 이해,청강가능,사회
발달장애인 직업재활,청강가능,사회
발달장애와 직업진로상담,청강가능,사회
"바이오테크놀러지, A에서 Z까지",청강가능,자연
마학·마술학 기초과정,종료,자연
말보건관리·재활승마이론 기초과정,종료,자연
사물인터넷으로 여는 스마트 세상,청강가능,공학
"Poverty, Inequality & Development Cooperation",청강가능,사회
환경과 어린이 건강의 이해,청강가능,의료
북한도시와 건축(Architecture and urbanism in North Korea),청강가능,의료
로마 문화와 함께 배우는 교양 라틴어,청강가능,인문
숲으로 떠나는 건강여행,종료,자연
알기 쉬운 기업 살림살이,청강가능,사회
불교가 묻고 내가 답한다,종료,인문
시스템 사고와 창의,청강가능,사회
국제개발협력의 이해,청강가능,자연
다문화와 세계종교 기행,종료,인문
한국 지형 여행,종료,자연
우주로의 여행,청강가능,자연
인구학 입문,청강가능,사회
"양명학, 돌봄과 공생의 길",청강가능,인문
케이팝(K-pop) 문화의 이해,청강가능,사회
심리학 START,청강가능,사회
사회적 가치와 개인의 자유,청강가능,사회
영상예술시대의 희곡론,청강가능,인문
공존을 위한 창의적 설계,청강가능,공학
인공지능 활용 바이오 기술 플랫폼,청강가능,의료
백제속의 동아시아,청강가능,인문
유네스코 세계문화유산 탐방,청강가능,인문
4차 산업혁명과 수학,청강가능,자연
실무 행정법,청강가능,사회
영상시와 콘텐츠 제작,청강가능,인문
미생물학 입문,청강가능,자연
모두에게 필요한 공중보건(Public health connects us all),청강가능,의료
수학으로 푸는 블록체인(Blockchain solved with mathematics),청강가능,공학
수학으로 푸는 자율주행AI(Autonomous Driving AI based on Mathematics),청강가능,공학
김기훈과 함께하는 알기쉬운 스케이트,청강가능,예체능
스타트업챌린지,청강가능,사회
예술과 경영의 만남,청강가능,사회
4차 산업혁명과 5G 무선통신,청강가능,사회
남북협력개론,청강가능,사회
고고학의 세계,종료,인문
공감과 환대의 윤리,종료,인문
나무와 선비문화,청강가능,인문
문학으로 보는 유토피아와 디스토피아,청강가능,인문
현재와 과거를 잇는 한국문화사,청강가능,인문
SW와 컴퓨팅적 사고,청강가능,공학
한국영화사로 보는 가족,청강가능,공학
"플라즈마와 건강, 그리고 생활문화",청강가능,공학
"4차 산업혁명, 찐 고수되기",청강가능,공학
창업과벤처,종료,사회
아동상담: 놀이와 예술을 통한 어린이 마음치료 - 놀이･예술 기반의 아동상담 기법과 활용,청강가능,사회
유전 간호 ,청강가능,의료
비교경찰론,청강가능,사회
지역혁신을 이끄는 로컬 이노베이터 실무교육과정,청강가능,사회
바이오헬스 빅데이터 마이닝,종료,사회
독서치유론,청강가능,인문
리빙프로덕트디자인,청강가능,예체능
창업가가 창업을 묻다,진행중,사회
서양미술에서 배우는 혁신,진행중,인문
International Development and Major Issues and Sectors In Korean Perspective,청강가능,사회
International Development with Donor's Perspective,청강가능,사회
International Development with Developing Country's Perspective,청강가능,사회
International Development Projects Management in Korean Perspective,청강가능,사회
의료AI를 위한 머신러닝,청강가능,공학
AI 연구자를 위한 통계적 학습론,청강가능,자연
Earth System,청강가능,자연
[A.I. SERIES] R을 활용한 통계학개론,청강가능,자연
기후변화와 지속가능발전,청강가능,자연
건강생활지침서 : 음주,청강가능,의료
사회적기업 아름다운 경영이야기,청강가능,사회
기업과 경영,청강가능,사회
재미있는 글로벌 경제 기행,청강가능,사회
한시공감,청강가능,인문
국제사회란 무엇인가,청강가능,사회
근현대 중국의지식인들 인간을 묻다,청강가능,인문
딥러닝을 위한 선형대수학,청강가능,자연
도시와 환경디자인,청강가능,공학
4차 산업혁명,청강가능,사회
4차산업에서 재료와 표준,청강가능,공학
"언어, 세상의 지문",청강가능,인문
유체역학,청강가능,공학
Managing and Improving Quality,청강가능,사회
Hospitality Customer Behavior and Insights,청강가능,사회
Basic Coffee Education,청강가능,자연
Excel Basic Foundation,청강가능,공학
철도인프라 BIM 활용기술,청강가능,공학
Fundamentals of Psychology,청강가능,사회
Human Resource Management in the Hospitality industry,청강가능,사회
International Management,청강가능,사회
Project Management,청강가능,사회
유니티로 이해하는 인공지능과 기계학습 (feat. ML-Agent),종료,공학
Vuforia를 활용한 AR 콘텐츠 만들기,종료,공학
유니티 VR 프로그래밍,종료,공학
프로그래밍 문법에서 자유로워지는 유니티 비주얼 스크립팅,종료,공학
"몸, 숨, 맘 요가 (YBBM : Yoga for Body, Breath and Mind)",청강가능,예체능
K-뷰티 메이크업,청강가능,예체능
블록체인의 원리,종료,공학
블록체인 응용과 실습,종료,공학
4차 산업혁명과 스타트업 실무 역량강화,청강가능,사회
현대인을 위한 물리의 이해,청강가능,사회
Contextual and Cultural Communication (CCC),청강가능,사회
Cultural Psychology,청강가능,사회
금연과 건강한 삶,청강가능,사회
"인류의 그림자, 에너지 바로 알기",청강가능,사회
부와 빈곤의 글로벌 지도,청강가능,사회
함께하는 스마트 다이어트,청강가능,사회
사람의 마음을 움직이게 하는 리더십의 비밀,청강가능,사회
세상을 바꾸는 스타트업 이야기,청강가능,사회
바다의 불편한 진실,청강가능,사회
첨단 바이오테크놀로지의 이해,청강가능,사회
인공지능 수학 입문 (Introductory Mathematics for AI),청강가능,자연
인공지능 수학 기초 (Basic Mathematics for AI),청강가능,자연
글로벌 경제사,청강가능,사회
딥러닝 시대에도 필요한 고급기계학습,청강가능,공학
스마트폰이 낳은 신인류 포노사피엔스,청강가능,공학
논쟁으로 보는 한국 성리학,청강가능,인문
인문학으로 읽는 <손자>의 지혜,종료,인문
20세기 대한민국 문화사,청강가능,인문
21C 필수역량 강화를 위한 팀 앙트레프레너십,청강가능,사회
인공지능을 위한 기초수학 입문 (High school),청강가능,공학
감각과 불안의 서사 : 엔터테인먼트의 터전이 되다,청강가능,예체능
성공 비즈니스 모델과 사업계획 수립,청강가능,사회
동양고전 <사서>에서 찾는 인간의길,청강가능,인문
"생명의 과학 - 생명, 그 신비에의 도전",청강가능,자연
"인공지능을 위한 알고리즘과 자료구조: 이론, 코딩, 그리고 컴퓨팅 사고",청강가능,공학
철학 테제로 보는 유학: 한 문장이 세계를 디자인하다,청강가능,인문
자연학 ‧ 예술 ‧ 한의학 ‧ 인공지능 ‧ 정치학과 유학의 만남 : 인접학문에서 유학을 바라보다,청강가능,인문
4차 산업혁명과 모바일 커머스 창업,청강가능,공학
4차 산업혁명과 소셜벤처 창업,청강가능,사회
정신 분석으로 읽는 영상과 인간심리,청강가능,인문
4차 산업혁명과 창업 비즈니스,청강가능,사회
"맹자(孟子), 사람정치의 철학자",종료,인문
차량용 내부 통신시스템,청강가능,공학
예기(禮記): 함께하는 삶에서의 품위있고 예절바른 행위에 대한 기록,청강가능,인문
자율주행을 위한 머신러닝,청강가능,공학
춘추(春秋): 이상 사회를 향한 역사의 법정,종료,인문
네트워크 기초,청강가능,공학
"서경, 덕의 나라를 향한 진군가",청강가능,인문
차량용 외부 통신시스템,청강가능,공학
차량용 제어 시스템,청강가능,공학
미적분학Ⅱ-다변수 미적분학,청강가능,자연
"시경, 시를 알아야 사람노릇 할 수 있다",종료,인문
Purchase and Inventory Management,청강가능,사회
How to open a food & beverage business,청강가능,자연
Concepts of Post-Production,청강가능,예체능
Introduction to Railroad Systems,청강가능,공학
중국 팔자(八字)명언과 한자의 이해,종료,인문
장자(莊子) 변신에서 자유를 찾다,청강가능,인문
DT시대 온택트 교육학개론,청강가능,융복합
세계로 통하는 한국어 : 초급Ⅰ,청강가능,융복합
세계로 통하는 한국어 : 중급Ⅰ,청강가능,융복합
세계로 통하는 한국어 : 초급Ⅱ,청강가능,융복합
생각보다 가까운 FTA(1),청강가능,융복합
생활 속 피부질환 이야기,청강가능,융복합
손자병법의 세계,청강가능,인문
법 on Air,종료,사회
연애시 읽기,청강가능,인문
영화의 이해,청강가능,예체능
인공지능 수학 고급(Advanced Mathematics for AI),청강가능,자연
인공지능 수학 활용 (Applications of Mathematics for AI),청강가능,자연
"노자, 언어에 길을 내다",종료,인문
파이썬 프로그래밍,청강가능,공학
수소에너지 안정성 관리,종료,공학
연료전지 생산 및 관리,종료,공학
수소에너지 산업 컨설팅,종료,공학
수소에너지 생산 및 인프라,종료,공학
통일한국 준비와 조망,청강가능,사회
파이썬으로 배우는 기계학습 입문 Plus+,청강가능,공학
위대한 수업2(GREAT MINDS) : 나의 이야기,청강가능,자연
인공지능 HRI,청강가능,자연
"글로벌 소통의 중심, 통역과 번역",청강가능,자연
도시와 언어로 만나는 러시아,청강가능,자연
미래직업 : 3D 프린터 운용 전문가,청강가능,자연
영국에 영어는 없었다,청강가능,자연
알기 쉬운 화장품과 피부과학 이야기: 피부의 가치를 부여하는 화장품 이야기,청강가능,자연
"소비자, 아는 것이 힘이다!",청강가능,사회
보이지 않는 미생물 세계,청강가능,의료
다시 찾는 조선의 역사와 인물,청강가능,인문
환경의 역습! 원인과 우리의 대처,청강가능,공학
디지털 치과학 (Digital Dentistry),청강가능,의료
특수요양보호(Special Care),청강가능,의료
기본간호(Basic Nursing),청강가능,의료
지역사회 간호(Community Nursing),청강가능,의료
누구나 할 수 있는 AI 머신 러닝,청강가능,공학
이공계 학생을 위한 핵심반도체 개론,청강가능,공학
객체지향형 도면해독,청강가능,공학
공간 빅데이터 프로그래밍,청강가능,공학
문화관광상품의 이해,청강가능,사회
조명디자인,청강가능,예체능
스크래치와 스마트 코딩,청강가능,예체능
"차이나는 K-클라스 : 세계가 입덕한 21세기 한복 (김단하, 김리을)",청강가능,예체능
문화융합시대의 창업,청강가능,예체능
문화와 생활 속 청렴 시즌2,종료,교육
문화와 생활 속 청렴,종료,인문
"차이나는 K-클라스 : K컬처의 뿌리, 조선 회화의 양대 거장(유홍준)",청강가능,예체능
"차이나는 K-클라스 : K컬처의 뿌리, 고대 한국의 문화유산(유홍준)",청강가능,예체능
전산인지과학 및 인간지능과 인공지능,청강가능,공학
확률적 그래픽 모델,청강가능,공학
디지털 전환과 4차 산업혁명,종료,공학
가상현실과 햅틱스,종료,공학
대한민국의 시작 '대한민국 임시정부',청강가능,인문
한국독립운동의 역사,청강가능,인문
독립군의 요람 '신흥무관학교',청강가능,인문
영유아 발달,청강가능,교육
3D콘텐츠 제작기초(메타버스 공간 제작),종료,예체능
팬데믹시대 자기치유,종료,인문
다양한 드론 촬영 기법 및 편집,종료,융복합
드론 영상기획과 기본촬영 및 편집,종료,융복합
드론운용 및 실습,종료,융복합
항공법규와 역학,종료,융복합
드론 FC와 프로그램tool을 이용한 드론 코딩기초 및 고급 응용,종료,공학
드론 제작 정비 실습,종료,공학
드론 설계 제작 이론,종료,공학
"게임엔진을 이용한 실감콘텐츠(VR, AR) 기획과 개발",청강가능,공학
감성 인공 지능,청강가능,공학
감성디자인,청강가능,공학
감성컴퓨팅,종료,공학
인지와 감성,청강가능,공학
생체신호와 데이터 분석,청강가능,공학
자율 에이전트 및 멀티 에이전트 시스템,종료,공학
생성 모델과 시각 지능,청강가능,공학
인공지능시대의 사회적 쟁점,청강가능,공학
휴먼컴퓨터인터페이스,청강가능,공학
문화와 생활 속 청렴 시즌2,종료,교육
문화와 생활 속 청렴,종료,인문
다양성과 공존 그리고 비즈니스 사례,청강가능,사회
외국인근로자 사업담당자가 알아야 할 보건의료지원의 이해,종료,의료
스마트 리스크 관리,청강가능,사회
시와 상상력: 동서양의 명시를 통해 본 인문학적 상상력,청강가능,인문
자율주행 인공지능 시스템,청강가능,공학
비전공자를 위한 AI 딥러닝(Deep Learning),청강가능,공학
바이오에너제틱스,청강가능,자연
알기 쉬운 원자력 에너지 이야기,청강가능,공학
"인공지능과 기계학습, 원리와 응용",종료,사회
의료 인공지능 개론 ,종료,의료
소비자 건강정보 도구와 모바일헬스 ,종료,의료
보건의료데이터 활용 이해 ,종료,의료
정보의학개론,종료,의료
마학·마술학 기초과정,종료,자연
말보건관리·재활승마이론 기초과정,종료,자연
분단과 평화에 관한 문화인류학의 탐색,청강가능,사회
"가자, 한국어",청강가능,사회
한국어교육학개론,청강가능,사회
한국어어휘교육론,청강가능,사회
한국어문법교육론,청강가능,사회
한국어발음교육론,청강가능,사회
언어의 신비 들추어보기,청강가능,사회
비만의 사회학,청강가능,사회
삼국지 인문학,청강가능,사회
운동선수는 외계인인가?,청강가능,사회
SQL 정형 데이터 분석,종료,공학
선형대수로 배우는 빅데이터,종료,공학
대용량 데이터 처리,종료,공학
비정형 데이터 분석,종료,공학
빅데이터를 위한 확률과 통계,종료,공학
빅데이터 프레임워크,종료,공학
머신러닝 빅데이터 분석,종료,공학
빅데이터 플랫폼,종료,공학
미래를 위한 교수법 ② : 학습자 중심 비대면 교육,청강가능,교육
미래를 위한 교수법 : 테크놀로지를 활용한 학습자 중심 교육,청강가능,교육
생활 속의 물리치료,종료,의료
"글로벌시대, 문화관광콘텐츠의 이해",종료,사회
파이썬으로 배우는 기계학습 입문 Plus+,청강가능,공학
혁신을 위한 모순해결,청강가능,사회
파이썬을 활용한 Business Data Analytics,청강가능,사회
인간수업-뉴노멀시대의 창의융합 인문MOOC,청강가능,인문
한국경제의 이해,청강가능,사회
소프트웨어적 사유,종료,공학
수학적 표현과 이산 구조,종료,공학
사물인터넷과 4차산업사회,종료,공학
디지털 논리회로와 인공지능,청강가능,공학
소프트웨어 중심 사회속의 인터넷 윤리,청강가능,공학
생활 속의 헌법 이야기,종료,사회
JLPT N3 일본어문법,청강가능,인문
문화와 생활 속 청렴,종료,인문
문화와 생활 속 청렴 시즌2,종료,교육
위대한 수업1(GREAT MINDS) : 고 인류학의 순간들,청강가능,자연
패션.메이크업으로 본 북한사회 변화,청강가능,예체능
역사에서 배우는 한반도 평화통일,청강가능,교육
해외긴급구호 의료팀 교육,청강가능,의료
위대한 수업1(GREAT MINDS) : 美 대기업을 말한다,청강가능,사회
자율주행의 기초 및 자율주행 플랫폼을 활용한 시스템 구축 방법,청강가능,공학
파이썬 프로그래밍,청강가능,공학
삶과 경력개발,청강가능,사회
역사 초보자를 위한 한국사 엿보기,청강가능,인문
인공지능 기반 생체신호계측 및 이상치 검출,청강가능,공학
금융공학을 위한 인공지능,청강가능,공학
로봇공학과 인공지능,청강가능,공학
인공지능을 위한 파이썬 기초,청강가능,공학
한국의 민주주의와 민주화 운동Ⅳ,청강가능,사회
한국의 민주주의와 민주화 운동Ⅲ,청강가능,사회
한국의 민주주의와 민주화 운동Ⅰ,청강가능,사회
한국의 민주주의와 민주화 운동Ⅱ,청강가능,사회
세계로 통하는 한국어 : 초급Ⅱ,청강가능,사회
세계로 통하는 한국어 : 초급Ⅰ,청강가능,사회
세계로 통하는 한국어 : 중급Ⅰ,청강가능,사회
위대한 수업1(GREAT MINDS) : 정글북,청강가능,자연
K-FOOD코디네이션(테이블코디네이션+푸드스타일링),청강가능,예체능
4차 산업혁명 시대의 스마트한 삶-스마트 기술의 이해Ⅱ,청강가능,공학
4차 산업혁명 시대의 스마트한 삶- 스마트 기술의 이해Ⅰ,청강가능,공학
로마 문화와 함께 배우는 교양 라틴어,청강가능,인문
알기 쉬운 기업 살림살이,청강가능,사회
위대한 수업1(GREAT MINDS) : 일상의 철학,청강가능,인문
인간행동과 사회환경,청강가능,사회
사이버상담 개론,종료,사회
언택트 시대 속 게임의 역할 - 일상을 건강하고 풍요롭게,종료,인문
언택트 시대의 생활금융,종료,사회
노인상담 이론과 기법,종료,사회
노인문제와 심리평가,종료,사회
노인상담의 실제,종료,사회
자기돌봄을 위한 통합예술심리,종료,의료
웹문학과 디지털 인간,종료,인문
클래식 친구 만들기,종료,예체능
웹소설 창작과 업로드,종료,인문
웹스토리텔링과 유튜브,종료,인문
웹스토리 콘텐츠 운용,종료,인문
웹툰 스토리 작법,종료,인문
3D 프린터! 아이디어를 출력하라,종료,공학
인공지능 윤리,종료,공학
전생애 발달과 노인심리,종료,사회
노인상담의 이해,종료,사회
건강한 삶: 건강한 몸과 병든 몸,청강가능,의료
영화로 이해하는 불안과 공포,청강가능,예체능
"호모, 인간을 말하다",청강가능,인문
블록체인과 비즈니스 서비스,청강가능,사회
리부팅 인간 중심 과학,청강가능,교육
손생님! 한국수어를 부탁해요-고급편(한국 수어의 문법)-,청강가능,인문
손생님! 한국수어를 부탁해요-기초편(한국수어 기초회화)-,청강가능,인문
손생님! 한국수어를 부탁해요-입문편(한국수어 중급회화)-,청강가능,인문
사건과 스캔들로 보는 옛이야기,청강가능,인문
손생님! 한국수어를 부탁해요-활용편(한국수어 활용)-,청강가능,인문
생물학적 인간Ⅱ,청강가능,자연
대운하를 통해 본 중국의 정치경제사 II,청강가능,인문
기하광학 이론 및 실습 2,청강가능,공학
기하광학 이론 및 실습 1,청강가능,공학
연료전지 생산 및 관리,종료,공학
수소에너지 안정성 관리,종료,공학
수소에너지 산업 컨설팅,종료,공학
수소에너지 생산 및 인프라,종료,공학
아동상담: 놀이와 예술을 통한 어린이 마음치료 - 아동의 증상에 따른 놀이･예술 기반 상담의 실제,청강가능,공학
반려동물학,청강가능,자연
스포츠마케팅론,청강가능,예체능
모두를 위한 사회학 입문 Ⅱ,청강가능,사회
UX/UI 디자인 입문,청강가능,예체능
위대한 수업1(GREAT MINDS) : 민주주의 리부트,청강가능,사회
연극으로 하는 창의감성교육,청강가능,예체능
스마트폰으로 영화 만들기,청강가능,예체능
시나리오란 무엇인가?,청강가능,예체능
연기와 오디션 테크닉,청강가능,예체능
"도시 부산, 공간을 말하다",청강가능,인문
현해탄과 근대 부산,청강가능,인문
믿고 보는 부산 문화,청강가능,인문
비름박 넘어 부산말,종료,인문
대한민국의 시작 '대한민국 임시정부',청강가능,인문
한국독립운동의 역사,청강가능,인문
독립군의 요람 '신흥무관학교',청강가능,인문
아동상담: 놀이와 예술을 통한 어린이 마음치료 - 아동 문제의 이해와 놀이･예술 심리평가,청강가능,인문
한국문화로 배우는 한국어,청강가능,인문
태국어 문장 만들기,청강가능,인문
폴란드어 ABC와 기초여행회화,청강가능,인문
포르투갈어 Pre-A1,청강가능,인문
기초이란어(페르시아어),청강가능,인문
기초 우즈베크어 생활회화,청강가능,인문
스와힐리어 기초회화,청강가능,인문
태국어 문자와 기초회화,청강가능,인문
기초 터키어 여행 회화,청강가능,인문
기초 몽골어,청강가능,인문
기초 인도네시아어,청강가능,인문
기초 헝가리어,청강가능,인문
힌디어 문자 및 발음과 기초여행회화,청강가능,인문
공공외교와 한국,청강가능,사회
마학·마술학 기초과정,종료,자연
말보건관리·재활승마이론 기초과정,종료,자연
"몸, 숨, 맘 요가 (YBBM : Yoga for Body, Breath and Mind)",청강가능,예체능
아동상담: 놀이와 예술을 통한 어린이 마음치료 - 놀이･예술 기반 아동상담의 특성과 과정,청강가능,예체능
Intermediate Accounting II,청강가능,사회
Winning in Business: The Art of War by Sun Tzu,청강가능,사회
아동상담: 놀이와 예술을 통한 어린이 마음치료 - 놀이･예술 기반의 아동상담 기법과 활용,청강가능,사회
"위대한 수업1(GREAT MINDS) : 100세 시대, 어떻게 살 것인가",청강가능,인문
희망의 인문학 : 우리는 희망에서 무엇을 배우고 가르칠 수 있는가 Ⅱ,종료,인문
가족과 건강 : 질병예방과 건강증진 Ⅱ,종료,의료
전산유체역학,청강가능,공학
아동과 청소년의 건강환경 Ⅱ,청강가능,공학
발레 : 융합문화예술의 실제 Ⅱ,청강가능,공학
생각보다 가까운 FTA(2),청강가능,공학
고전문헌과 역사문화Ⅱ,청강가능,인문
에어로졸개론,청강가능,공학
응용유체역학,청강가능,공학
대기오염개론,청강가능,공학
미세먼지를 알아보자!,청강가능,공학
꼬리에 꼬리를 무는 역사1,청강가능,인문
위대한 수업1(GREAT MINDS) : 소설가의 글쓰기,청강가능,인문
희망의 인문학 : 우리는 희망에서 무엇을 배우고 가르칠 수 있는가 Ⅰ,종료,인문
가족과 건강 : 질병예방과 건강증진 Ⅰ,종료,의료
증권투자이론 기초,청강가능,인문
삶을 버티게 하는 가치들,청강가능,인문
4차 산업시대 미래 질병과 신약개발,청강가능,인문
건강한 삶을 위한 운동 스마트한 헬스케어,청강가능,인문
클릭! 부산(문화와언어),청강가능,인문
대중음악과 청년문화,청강가능,사회
대화와 인간관계,청강가능,인문
스마트 팩토리에 대한 이해 : 우리는 제조업을 어떻게 스마트하게 만들 수 있는가?,청강가능,공학
영상처리와 패턴인식,청강가능,공학
위대한 수업1(GREAT MINDS) : 운명의 뇌과학,청강가능,자연
센서(응용)공학,청강가능,공학
모두에게 필요한 공중보건(Public health connects us all),청강가능,의료
수학으로 푸는 블록체인(Blockchain solved with mathematics),청강가능,공학
서울대 소장품 감상하기: 문화재를 중심으로,청강가능,공학
현대철학사조: 현대철학의 거장들,청강가능,공학
교육연구를 위한 통계방법,청강가능,공학
환자 시뮬레이터 체험하기,청강가능,공학
가족과 건강 : 운동과 뇌 건강 Ⅱ,종료,의료
모범시민의 교양회계 Ⅱ,종료,사회
DT시대 온택트 교육학개론,청강가능,융복합
문화와 생활 속 청렴,종료,인문
문화와 생활 속 청렴 시즌2,종료,교육
금융 AI,청강가능,사회
지역사회 건강관리와 사회문제 해결,종료,사회
크리에이터를 위한 글쓰기,청강가능,인문
신경망 네트워크와 수학적 기반,청강가능,공학
딥러닝의 깊이 있는 이해를 위한 머신러닝,청강가능,공학
인공지능 연구동향,청강가능,공학
세대간 소통을 위한 리더십,청강가능,교육
신 한류 문화의 이해,청강가능,인문
시와 상상력: 동서양의 명시를 통해 본 인문학적 상상력,청강가능,인문
디지털 전환과 4차 산업혁명,종료,인문
언어의 신비 들추어보기,청강가능,인문
결정의 미학 : 결정이 두려운 당신에게,종료,인문
미래 모빌리티 최신 기술동향,종료,공학
조선 산업 : 미래기술의 집합체가 되다,종료,공학
미래산업에서 수소연료전지의 위상,종료,공학
가족과 건강 : 운동과 뇌 건강 Ⅰ,종료,의료
모범시민의 교양회계 Ⅰ,종료,사회
인공지능 기반 소셜벤처의 비즈니스 모델 개발,청강가능,사회
아시아사 개척자들의 역사 이야기 + @,청강가능,인문
리스크 관리의 이해 및 응용,청강가능,사회
혁신 경영을 위한 다양성 전략,청강가능,사회
창의적인 사람의 7가지 습관,종료,사회
건강과 식생활,종료,사회
4차산업혁명 시대의 디지털 윤리,종료,공학
부자학,종료,사회
소프트웨어와 창의적사고,종료,공학
사랑의 인문학,종료,인문
한국 생활사,종료,인문
자연을 닮은 피부와 건강,청강가능,자연
스토리텔링으로 만나는 한의콘텐츠 기획,청강가능,인문
"스킨케어, 한의학과의 만남",청강가능,자연
맞춤형 화장품의 이해,청강가능,자연
피부미용과 K-뷰티,청강가능,자연
재활 스트레칭,청강가능,자연
향기 치유,청강가능,자연
침구와 경락 피부미용,청강가능,자연
본초학과 한방팩,청강가능,자연
위대한 수업1(GREAT MINDS) : 인정투쟁,청강가능,인문
유전체 정보분석과정,청강가능,의료
현장임상의 이해(내과),청강가능,의료
사회적 가치와 개인의 자유,청강가능,사회
영상시와 콘텐츠 제작,청강가능,인문
인공지능과 빅데이터,청강가능,공학
다양성과 공존 그리고 비즈니스 사례,청강가능,사회
스마트 리스크 관리,청강가능,사회
컴퓨터 패션 일러스트,청강가능,예체능
위대한 수업1(GREAT MINDS) : 거장의 클래식,청강가능,예체능
AI융합교육의 이해,종료,교육
"손끝 금융, 핀테크 경영",청강가능,사회
엑셀로 배우는 비용편익분석,청강가능,사회
PACK&TECH;: 패키징(기초편),청강가능,공학
공직사회 반부패 원리와 방안,청강가능,사회
정부와 행정,청강가능,사회
초급아랍어 입문과정,청강가능,인문
초급몽골어 입문(A1-1),청강가능,인문
포르투갈어초급 입문 과정,청강가능,인문
초급베트남어 듣기 말하기,청강가능,인문
Harmonic functions of two real variables and Applications,청강가능,인문
Design Thinking : 문제의 발견과 해결,청강가능,인문
디자인 씽킹을 넘어 가치 디자인으로,청강가능,인문
"미생물, 면역, 그리고 감염성 질병",청강가능,자연
스마트 계약 및 응용,청강가능,공학
고급 블록체인 이론 및 응용,청강가능,공학
데이터과학을 위한 R프로그래밍,청강가능,공학
지구과학과 환경기술,청강가능,자연
나노광학: 플라즈모닉스와 메타물질,청강가능,공학
양자물리와 양자컴퓨팅 기초,청강가능,자연
시스템 반도체 설계(하드웨어 시스템즈),청강가능,자연
"아날로그와 디지털 세계를 잇는, 메이커 입문",청강가능,사회
코딩으로 배우는 일반화학,청강가능,자연
블록체인 입문,청강가능,공학
블록체인 이론 및 응용,청강가능,공학
암호화폐 이론 및 응용,청강가능,공학
공자의 지혜 The Confucius’ Wisdom,청강가능,인문
ML-Agent와 강화학습,종료,공학
산업용 증강현실(iAR),종료,공학
VR프로그래밍,종료,공학
유니티 비주얼 스크립팅,종료,공학
위대한 수업1(GREAT MINDS) : 원더풀 수학,청강가능,자연
자율주행자동차기술,청강가능,공학
고전과 현실경영,청강가능,인문
인문고전 마르크스의 <자본>을 읽다,청강가능,인문
문학예술과 광기,청강가능,인문
알기 쉬운 기계재료 성형,청강가능,공학
"영문법, 숨겨진 일반성을 찾아서",청강가능,공학
미국문화의 속살,청강가능,공학
크메르어 문자와 기초회화,청강가능,인문
기초 힌디어,청강가능,인문
현대 미얀마어 입문,청강가능,인문
베트남어 읽기 A2,청강가능,인문
초급 아랍어,청강가능,인문
인도네시아어 A1,청강가능,인문
터키어 읽기 A2,청강가능,인문
해외긴급구호 의료팀 교육,종료,의료
태국어 문자 배우기,청강가능,인문
외국인근로자 사업담당자가 알아야 할 보건의료지원의 이해,종료,의료
통증을 물어보는 진료 중국어,청강가능,의료
통증을 알아듣는 진료 중국어,청강가능,의료
패턴으로 정복하는 중급중국어,청강가능,의료
쉽게 들어가는 중국어 입문,청강가능,의료
시니어 건강운동 지도자를 위한 이론과 실제,청강가능,예체능
신체이완과 움직임 (소메틱 소도구 필라테스),청강가능,예체능
시란 무엇인가,청강가능,인문
바디발란스,청강가능,예체능
액티브시니어를 위한 힐링 요가,청강가능,예체능
라이프디자인씽킹 : 대학생의 진로 탐색 프로젝트,청강가능,교육
미래를 위한 교수법 : 테크놀로지를 활용한 학습자 중심 교육,청강가능,교육
미래를 위한 교수법 ② : 학습자 중심 비대면 교육,청강가능,교육
혁신의 기술 : 3D프린터로 만드는 희망,청강가능,공학
"혁신의 기술 ② : 신뢰의 미래, 블록체인을 만나다",청강가능,공학
라이프디자인씽킹 ③ : 부모 다시보기,청강가능,교육
외국인유학생을 위한 한국대학문화,청강가능,교육
라이프디자인씽킹 ② : 직장인의 워라밸 찾기 프로젝트,청강가능,교육
구글 도구로 만드는 혁신적인 일상,청강가능,공학
구글도 인정한 구글 도구 마스터되기,청강가능,공학
운동생리학,청강가능,교육
독일어권 국가들의 문화 이해,청강가능,인문
도시경제,청강가능,사회
논리적 영어 글쓰기,청강가능,인문
학문적 글쓰기를 위한 한국어 문법,청강가능,인문
제한된 윤리성: 원인과 처방,청강가능,사회
"행정과 인공지능: 정부, AI에 미래를 묻다.",청강가능,사회
대학생을 위한 영어의 장벽 넘기,청강가능,인문
직장인을 위한 영어의 장벽 넘기,청강가능,인문
지역사회 간호(Community Nursing),청강가능,의료
3D Printing 제품 모델링,청강가능,공학
SW 코딩 프로그래밍,청강가능,공학
가상현실과 미디어 기술,청강가능,공학
마인드키퍼 정신건강 초기단기 개입과정,청강가능,의료
소셜벤처 빌드업 과정,청강가능,사회
소셜벤처 워밍업 과정,청강가능,사회
New Horizons in Chinese Philosophy | 中国哲学新视野,청강가능,사회
왜 음식윤리인가 : 문제 해결의 열쇠,종료,자연
Managing and Improving Quality,청강가능,사회
Hospitality Customer Behavior and Insights,청강가능,사회
Excel Basic Foundation,청강가능,공학
Basic Coffee Education,청강가능,자연
철도인프라 BIM 활용기술,청강가능,공학
Fundamentals of Psychology,청강가능,사회
Human Resource Management in the Hospitality industry,청강가능,사회
International Management,청강가능,사회
Project Management,청강가능,사회
K-뷰티 메이크업,청강가능,예체능
헬리콥터 비행의 이해 : 한계 그리고 도전,청강가능,공학
Purchase and Inventory Management,청강가능,사회
How to open a food & beverage business,청강가능,자연
Concepts of Post-Production,청강가능,예체능
Introduction to Railroad Systems,청강가능,공학
최초반응자를 위한 외상처치술,청강가능,의료
성공적인 이미지 메이킹,청강가능,예체능
와인 미학,청강가능,인문
세계로 통하는 한국어 : 중급Ⅰ,청강가능,인문
세계로 통하는 한국어 : 초급Ⅱ,청강가능,인문
세계로 통하는 한국어 : 초급Ⅰ,청강가능,인문
미생물학 입문,청강가능,자연
법률가와 정치,청강가능,사회
이슬람 문명의 역사와 문화기행,종료,인문
위대한 수업1(GREAT MINDS) : AI는 어떻게 생각하는가,청강가능,공학
위대한 수업1(GREAT MINDS) : 건축가 안도 다다오,청강가능,공학
사회복지실천과 요양보호(Social Work Practice & Long Term Care),청강가능,의료
특수요양보호(Special Care),청강가능,의료
디지털 치과학 (Digital Dentistry),청강가능,의료
기본간호(Basic Nursing),청강가능,의료
고대 그리스 신화와 문학세계,청강가능,인문
디지털 시대의 커뮤니케이션,청강가능,사회
반려견 컷 스타일링,청강가능,자연
환경관리학,청강가능,자연
법집행의 딜레마 (Law Enforcement’s Dilemma),청강가능,사회
K-하브루타 : 부모교육,청강가능,교육
교육데이터 분석,종료,교육
미래교육의 이해,종료,교육
R 프로그래밍의 기초,종료,교육
반려견 기본예절훈련,청강가능,자연
기초 반려견 스타일링,청강가능,자연
반려동물의 이해,청강가능,자연
펫 소품 디자인,청강가능,자연
도전! 국제조세법 101,청강가능,사회
마켓과 ING하기: 마케팅 고수가 되기 위한 원리,청강가능,사회
"도시와 건축 실무의 접점, 단지계획",청강가능,공학
정의롭고 좋은 삶에 관한 이야기 - 플라톤 <국가> 읽기,청강가능,인문
국제이주의 이해,청강가능,사회
인공지능 만들기 : 기계학습 방법론의 이해,청강가능,자연
레이저란 무엇인가? 기초에서 응용까지,청강가능,공학
"장애, 체육을 만나다: 장애인체육 제대로 알기",청강가능,예체능
소재가 빚어내는 문명의 화음,청강가능,융복합
성공하는 사업자를 위한 법인세 세무전략,청강가능,사회
내 삶에 영향을 주는 음악 수업,청강가능,예체능
여성과 정치,청강가능,사회
서울대 소장품 감상하기: 예술을 중심으로 ,청강가능,사회
감염병 대응 음압병실 체험하기,청강가능,사회
소비자와 시장,청강가능,사회
흔들리는 20대 : 청년 심리학,청강가능,사회
현대사회 건강문제와 인간돌봄학문으로서의 간호,청강가능,사회
경제학원론 : 거시경제학,청강가능,사회
니체 읽기-인문고전 『차라투스트라는 이렇게 말했다』,청강가능,사회
논어와 현대 사회 - 리더를 위한 논어 읽기,청강가능,사회
인간 뇌의 이해,청강가능,사회
데이터로 배우는 통계학,청강가능,사회
종교 상징의 이해,청강가능,사회
경제학 들어가기,청강가능,사회
경제학원론 : 미시경제학,청강가능,사회
언어와 인간,청강가능,사회
상담학 들어가기,청강가능,사회
우주와 생명,청강가능,자연
"도시성장기 서울의 도시 개발 경험, 1960-2010",청강가능,공학
알기 쉬운 분자생물학,청강가능,자연
문학/영화와 인공지능,청강가능,자연
인공지능의 기초,청강가능,자연
데이터 마이닝,청강가능,자연
인공지능 만들기,청강가능,자연
심리학과 인공지능,청강가능,자연
언어학과 인공지능,청강가능,자연
철학과 인공지능,청강가능,자연
빅데이터와 인공지능의 응용,청강가능,자연
인간 중심 성찰과 디자인,청강가능,자연
초급몽골어 입문(A1-2),청강가능,인문
스타트업챌린지,청강가능,사회
한국 알리기 외교,진행중,사회
강화학습의 수학적 기초와 알고리듬 이해,청강가능,공학
엔지니어 정약용 탐구,청강가능,공학
Machine Learning for Data Science,청강가능,공학
현대인을 위한 감정의 심리학,종료,인문
미생물과 건강보건,청강가능,의료
인공지능 기반 디자인 트렌스포메이션,청강가능,예체능
실생활에서 만나는 경영의사결정,청강가능,사회
사회적경제기업가의 경영전략,청강가능,사회
조선 문인들이 사랑한 나의 집,청강가능,인문
셰익스피어,청강가능,인문
4차 산업혁명과 경영혁신,청강가능,사회
설득의 과학,청강가능,사회
역사와 문화 속의 인간,청강가능,인문
"의료사고, 법으로 이해하기",청강가능,사회
비즈니스를 위한 인공지능,청강가능,사회
한국의 자연지리,청강가능,자연
인문·사회계열 전공생을 위한 Python 입문,청강가능,공학
창업의 첫걸음,청강가능,사회
알기 쉬운 스타트업 재무,청강가능,사회
<삼자경三字經> 인문학 -세 글자로 읽는 중국문화-,청강가능,인문
"한국근대사, 감춰진 이야기",청강가능,인문
일반화학 개념의 핵심,청강가능,자연
공동주택 분쟁 이해,청강가능,사회
신뢰성공학,청강가능,공학
추리소설의 인문학적 탐구,청강가능,인문
차이나 허스토리,청강가능,인문
2030세대를 위한 부동산(기초),청강가능,사회
2030세대를 위한 부동산(실무),청강가능,사회
B.U.S.(body-user-safety) 지식브릿지,청강가능,인문
TRAVEL TO ENGLISH GRAMMAR WORLD,청강가능,인문
인간관계 심리학,청강가능,사회
생각의 르네상스,청강가능,인문
의학으로 배우는 삶의 지혜,청강가능,의료
부산과 세계,청강가능,인문
부산과 영화,청강가능,예체능
스피치트레이닝,청강가능,사회
포스트휴먼의 이해,청강가능,인문
유튜브와 SNS에서 저작권,청강가능,사회
패션 스튜디오,청강가능,사회
실사례를 통한 머신러닝 알고리즘 구현 실습,청강가능,공학
영화로 배우는 성장발달과 건강증진,종료,의료
실습으로 배우는 머신러닝,청강가능,공학
사물인터넷(Internet of Things),청강가능,공학
출근길 사이보그 인문학(마이크로강좌),청강가능,인문
모두를 위한 사회학 입문 Ⅰ,청강가능,사회
생물학적 인간Ⅰ,청강가능,자연
대운하를 통해 본 중국의 정치경제사 I,청강가능,인문
삶과 경력개발,청강가능,사회
역사 초보자를 위한 한국사 엿보기,청강가능,인문
비만의 사회학,청강가능,인문
삼국지 인문학,청강가능,인문
ICBM+AI 개론,청강가능,공학
언택트 시대의 눈건강 관리법,청강가능,공학
고전문헌과 역사문화Ⅰ,청강가능,인문
아동과 청소년의 건강환경 Ⅰ,청강가능,인문
발레 : 융합문화예술의 실제 Ⅰ,청강가능,인문
HTML에서 웹앱까지+,청강가능,공학
위대한 수업1(GREAT MINDS) : 맨큐의 경제학 원론,청강가능,사회
"글로벌 소통의 중심, 통역과 번역",청강가능,사회
도시와 언어로 만나는 러시아,청강가능,사회
영국에 영어는 없었다,청강가능,사회
인공지능 HRI,청강가능,사회
민법학입문,청강가능,사회
5분 생활 보건(마이크로강좌),청강가능,의료
사이보그 인문학,청강가능,인문
성장과발달,청강가능,의료
내 안의 세상을 만나는 치유여행 -실존과 심리치료의 만남,청강가능,사회
헌법: 갈등해결의 코드,청강가능,사회
예술적 얼굴과 감정조절,종료,예체능
현대인의 정신건강,청강가능,사회
"기본권, 세상과 통하는 法",청강가능,사회
음악은 왜 치료적인가?,청강가능,의료
SW&AI; 전공 진입을 위한 수학,청강가능,공학
결혼과 가족(Marriage and Family),청강가능,공학
사물인터넷으로 여는 스마트 세상,청강가능,공학
예술과 경영의 만남,청강가능,공학
빅데이터와 고객관계관리,청강가능,사회
모성간호학,청강가능,의료
유전 간호 ,청강가능,의료
비교경찰론,청강가능,사회
지역혁신을 이끄는 로컬 이노베이터 실무교육과정,청강가능,사회
바이오헬스 빅데이터 마이닝,종료,사회
독서치유론,청강가능,인문
리빙프로덕트디자인,청강가능,예체능
vivid social venture start-up story,청강가능,사회
사회적 가치와 소셜벤처,청강가능,사회
사회적 가치와 임팩트투자,청강가능,사회
소셜벤처 투어- 창업실무,청강가능,사회
생생한 소셜벤처 창업 스토리,청강가능,사회
블록체인과 정보보호,종료,공학
알기 쉬운 블록체인,종료,공학
성공적인 소셜벤처 창업을 위한 실무 개론,청강가능,사회
민족의 지성 다산 정약용의 삶과 철학,청강가능,인문
5분 안에 톺아보는 ‘북한의 민족유산(문화재)’,청강가능,인문
동북아해역의 이해,청강가능,인문
국제지역학 입문II : 개발협력학,청강가능,사회
국제지역학입문I:지역학,청강가능,사회
"플라즈마와 건강, 그리고 생활문화",청강가능,사회
건축 파라메트릭 디자인,청강가능,공학
해양문화산업의 이해,청강가능,인문
해양인문학의 이해,청강가능,인문
현재와 과거를 잇는 한국문화사,청강가능,인문
"4차 산업혁명, 찐 고수되기",청강가능,인문
한국영화사로 보는 가족,청강가능,인문
수학사,청강가능,인문
우리 문화 속의 한자어,청강가능,인문
웨어러블 컴퓨터 디자인,청강가능,공학
융합예술과 문화공간 기획,청강가능,예체능
인공지능 콘텐츠 아트 프로듀싱,청강가능,예체능
일반인을 위한 물리 코딩,청강가능,예체능
모두를 위한 머신러닝,청강가능,공학
콘텐츠산업의 비즈니스 전략,청강가능,공학
코딩과 스토리텔링,청강가능,공학
기계학습,청강가능,공학
공존을 위한 창의적 설계,청강가능,공학
북한도시와 건축(Architecture and urbanism in North Korea),청강가능,사회
사람의 마음을 움직이는 심리학(Psychology in the Workings of Human Mind),청강가능,사회
그림으로 듣는 한국 음악,청강가능,사회
4차 산업혁명 기반기술을 활용한 비즈니스 혁명,청강가능,사회
"내일, 내 일은 산업강사",청강가능,교육
"도전, 정신건강 사회복지사",청강가능,사회
자원봉사 시민교육을 말하다,청강가능,사회
마음챙김으로 스트레스 다스리기,청강가능,인문
발달장애인과 함께 세상속으로,청강가능,사회
외식산업 인터넷 마케팅,청강가능,사회
"베이비시터, '함께 키움'의 세상 만들다",청강가능,인문
사회복지사를 위한 케어 매니지먼트,청강가능,사회
온라인 참여형 심리백신,청강가능,사회
우리 아이를 위한 아동안전설명서,청강가능,교육
기술융합시대의 라이프 트렌드,청강가능,사회
"Identity, Agency, Equality and Security in the Age of AI",종료,사회
건축으로 읽는 사회문화사,종료,공학
인간은 왜 병에 걸리는가?: 질병의 생태와 진화,종료,자연
음악과 과학/기술,종료,예체능
세 문명 이야기: 중세 지중해 교류사,종료,인문
인간행위와 사회구조,종료,사회
의생명과학기술과 법,종료,사회
기업명성과 커뮤니케이션,종료,사회
한국문화 깊이 읽기,종료,인문
생물다양성과 생물자원,종료,자연
"빅데이터의 세계, 원리와 응용",종료,사회
동물의 행동,종료,자연
어원으로 문화읽기,종료,인문
아동의 신비한 언어습득력: 이중언어 아동,종료,인문
애니메이션의 이해,종료,예체능
여행과 지리,종료,사회
딥러닝 개론,종료,공학
발달지연 청소년의 참 세상살이를 위한 의사소통(1): 대인관계 기술,종료,교육
발달지연 청소년의 참 세상살이를 위한 의사소통(2): 학업과 학교생활에 관한 기술,종료,교육
발달지연 청소년의 참 세상살이를 위한 의사소통(3): 실제생활기술,종료,교육
발달장애인을 위한 꿈의 대학,종료,교육
한국문화의 이해 ,종료,인문
사회복지역사,종료,사회
회로이론,종료,공학
함께하는 장애탐험,종료,교육
실전 타이포그래피,청강가능,예체능
발달장애 자녀를 위한 상담기법,청강가능,사회
발달장애인 직업재활,청강가능,사회
발달과 발달장애의 이해,청강가능,사회
발달장애와 직업진로상담,청강가능,사회
어패럴패턴캐드,종료,예체능
성인학습 및 상담,종료,교육
수어의 이해 ,종료,교육
문화적 다양성과 사회 정의,종료,사회
지역문화의 이해,종료,인문
사회복지정책론,종료,사회
"바이오테크놀러지, A에서 Z까지",청강가능,자연
범죄자 마음을 엿보다: 안전한 사회를 위하여,종료,사회
건강운동과 웰니스,종료,의료
재난과 정신건강,종료,사회
지적장애학생교육,종료,교육
세계일주로 배우는 국가와 도시,종료,사회
소매틱 재활,종료,의료
국제개발협력의 이해,청강가능,자연
숲으로 떠나는 건강여행,종료,자연
다문화와 세계종교 기행,종료,인문
불교가 묻고 내가 답한다,종료,인문
시스템 사고와 창의,청강가능,사회
한국 지형 여행,종료,자연
우주로의 여행,청강가능,자연
공학생리학 II : 신경시스템,청강가능,의료
공학생리학 I : 근육시스템,청강가능,의료
케이팝(K-pop) 문화의 이해,청강가능,사회
영상예술시대의 희곡론,청강가능,인문
인공지능 활용 바이오 기술 플랫폼,청강가능,의료
4차 산업혁명과 수학,청강가능,자연
실무 행정법,청강가능,사회
유네스코 세계문화유산 탐방,청강가능,인문
"양명학, 돌봄과 공생의 길",청강가능,인문
심리학 START,청강가능,인문
인구학 입문,청강가능,사회
"Poverty, Inequality & Development Cooperation",종료,사회
북한관광의 이해와 전망(Understanding and Prospects of North Korean Tourism),청강가능,사회
현대사회의 부모와자녀(Parents and children in contemporary society: Stories of parents growing with their children),청강가능,사회
백제속의 동아시아,청강가능,인문
환경과 어린이 건강의 이해,종료,의료
벡터미적분학Ⅰ,청강가능,공학
지구환경문제,청강가능,자연
데이터언어의 이해와 활용,청강가능,공학
4차 산업혁명과 5G 무선통신,청강가능,공학
창업아이디어 탐색 및 실습,청강가능,사회
고고학의 세계,종료,인문
공감과 환대의 윤리,종료,인문
영남유학을 찾아서 떠나는 서원기행,종료,인문
나무와 선비문화,청강가능,인문
문학으로 보는 유토피아와 디스토피아,청강가능,인문
소비자행동의 심리학,종료,사회
창업과벤처,종료,사회
재난관리 리더십과 재난대응 협업 (Disaster Management Leadership and Collaboration for Disaster Response),진행중,공학
재난커뮤니케이션 (Disaster Communication),진행중,공학
한국의 재난관리체계 (Disaster Management System in Korea),진행중,공학
수학으로 푸는 자율주행AI(Autonomous Driving AI based on Mathematics),청강가능,공학
말보건관리·재활승마이론 기초과정,종료,자연
마학·마술학 기초과정,종료,자연
다문화사회의 이해,청강가능,사회
인간심리의 탐구,청강가능,사회
여론조사의 이해,청강가능,사회
재미있는 글로벌 경제 기행,청강가능,사회
기후변화와 지속가능발전,청강가능,자연
기업과 경영,청강가능,사회
사회적기업 아름다운 경영이야기,청강가능,사회
영재교육과 창의성 계발,청강가능,교육
한시공감,청강가능,인문
근현대 중국의지식인들 인간을 묻다,청강가능,인문
딥러닝을 위한 선형대수학,청강가능,자연
도시와 환경디자인,청강가능,공학
한국의 전쟁과 문화 변동,청강가능,인문
4차 산업혁명,청강가능,사회
4차산업에서 재료와 표준,청강가능,공학
생명의 프린키피아,청강가능,자연
"언어, 세상의 지문",청강가능,인문
응용유체역학,청강가능,자연
International Development and Major Issues and Sectors In Korean Perspective,청강가능,사회
International Development Projects Management in Korean Perspective,청강가능,사회
International Development with Donor's Perspective,청강가능,사회
International Development with Developing Country's Perspective,청강가능,사회
누구나 할 수 있는 AI 머신 러닝,청강가능,공학
이공계 학생을 위한 핵심반도체 개론,청강가능,공학
객체지향형 도면해독,청강가능,공학
공간 빅데이터 프로그래밍,청강가능,공학
문화관광상품의 이해,청강가능,사회
조명디자인,청강가능,예체능
스크래치와 스마트 코딩,청강가능,예체능
현대인을 위한 물리의 이해,청강가능,예체능
Contextual and Cultural Communication (CCC),청강가능,예체능
Cultural Psychology,청강가능,예체능
금연과 건강한 삶,청강가능,예체능
"인류의 그림자, 에너지 바로 알기",청강가능,예체능
부와 빈곤의 글로벌 지도,청강가능,예체능
함께하는 스마트 다이어트,청강가능,예체능
사람의 마음을 움직이게 하는 리더십의 비밀,청강가능,예체능
세상을 바꾸는 스타트업 이야기,청강가능,예체능
바다의 불편한 진실,청강가능,예체능
첨단 바이오테크놀로지의 이해,청강가능,예체능
역사와 자연 생태로 알아보는 독도이야기,청강가능,인문
외국인을 위한 다문화 한국사회의 이해,청강가능,사회
K-콘텐츠로 배우는 한국문화,청강가능,인문
건강생활 지침서: 비만에 대한 모든 것 2,청강가능,의료
건강생활 지침서: 비만에 대한 모든 것 1,청강가능,의료
"생명의 땅, 남도의 탄생 이야기",청강가능,인문
생각보다 가까운 FTA(1),청강가능,인문
생활 속 피부질환 이야기,청강가능,인문
법 on Air,종료,사회
손자병법의 세계,청강가능,인문
연애시 읽기,청강가능,인문
영화의 이해,청강가능,예체능
통일한국 준비와 조망,청강가능,사회
파이썬 프로그래밍,청강가능,공학
파이썬으로 배우는 기계학습 입문 Plus+,청강가능,공학
위대한 수업1(GREAT MINDS) : 돈이란 무엇인가,청강가능,사회
21세기 미학의 새로운 발견,종료,인문
학교에서 효율적인 의사소통,청강가능,교육
서울대 소장품 감상하기: 문화재를 중심으로,종료,교육
환자 시뮬레이터 체험하기,종료,교육
융합예술과 문화공간 기획,청강가능,예체능
인공지능 콘텐츠 아트 프로듀싱,청강가능,예체능
 근로관계의 형성,청강가능,사회
위대한 수업1(GREAT MINDS) : 인류를 구하는 생명 경제,청강가능,사회
현대철학사조: 현대철학의 거장들,종료,사회
교육연구를 위한 통계방법,종료,사회
동양미술의 광기와 창의성,진행중,인문
창업 아이템 발굴을 위한 창의적 사고 기법,진행중,사회
동양고전 <사서>에서 찾는 인간의길,청강가능,인문
자연학 ‧ 예술 ‧ 한의학 ‧ 인공지능 ‧ 정치학과 유학의 만남 : 인접학문에서 유학을 바라보다,청강가능,인문
인공지능을 위한 기초수학 입문 (High school),청강가능,공학
스마트폰이 낳은 신인류 포노사피엔스,청강가능,공학
20세기 대한민국 문화사,청강가능,인문
인공지능 수학 입문 (Introductory Mathematics for AI),청강가능,자연
인공지능 수학 기초 (Basic Mathematics for AI),청강가능,자연
감각과 불안의 서사 : 엔터테인먼트의 터전이 되다,청강가능,예체능
4차 산업혁명과 스타트업 실무 역량강화,청강가능,사회
딥러닝 시대에도 필요한 고급기계학습,청강가능,공학
"인공지능을 위한 알고리즘과 자료구조: 이론, 코딩, 그리고 컴퓨팅 사고",청강가능,공학
철학 테제로 보는 유학: 한 문장이 세계를 디자인하다,청강가능,인문
미적분학 I - 활용을 중심으로,청강가능,자연
정신 분석으로 읽는 영상과 인간심리,청강가능,인문
인공지능 수학 고급(Advanced Mathematics for AI),청강가능,자연
인공지능 수학 활용 (Applications of Mathematics for AI),청강가능,자연
"게임엔진을 이용한 실감콘텐츠(VR, AR) 기획과 개발",종료,공학
감성컴퓨팅,종료,공학
인지와 감성,종료,공학
감성디자인,종료,공학
생체신호와 데이터 분석,종료,공학
생성 모델과 시각 지능,종료,공학
인공지능시대의 사회적 쟁점,종료,공학
휴먼컴퓨터인터페이스,종료,공학
감성 인공 지능,종료,공학
4차산업에서 재료와 표준,청강가능,공학
폐기물관리 및 처리,청강가능,자연
콘택트렌즈 선택과 피팅,청강가능,의료
디지털 치과학 (Digital Dentistry),청강가능,의료
위대한 수업1(GREAT MINDS) : 미래 예측,청강가능,사회
증권투자이론 기초,청강가능,인문
비전공자 중심의 컴퓨팅 사고력과 마인크레프트,청강가능,공학
스포츠+마케팅의 징검다리,청강가능,인문
디지털 논리회로와 인공지능,청강가능,공학
자율주행의 기초 및 자율주행 플랫폼을 활용한 시스템 구축 방법,청강가능,공학
아시아사 개척자들의 역사 이야기 + @,청강가능,인문
사회적 가치와 개인의 자유,청강가능,사회
영상시와 콘텐츠 제작,청강가능,인문
클래식 친구 만들기,종료,예체능
언택트 시대 속 게임의 역할 - 일상을 건강하고 풍요롭게,종료,인문
언택트 시대의 생활금융,종료,사회
노인상담 이론과 기법,종료,사회
노인문제와 심리평가,종료,사회
노인상담의 실제,종료,사회
전생애 발달과 노인심리,종료,사회
자기돌봄을 위한 통합예술심리,종료,의료
노인상담의 이해,종료,사회
위대한 수업1(GREAT MINDS) : 천문학자의 시간,청강가능,자연
대한민국의 시작 '대한민국 임시정부',청강가능,인문
독립군의 요람 '신흥무관학교',청강가능,인문
"혁신의 기술 ② : 신뢰의 미래, 블록체인을 만나다",청강가능,공학
비전공자를 위한 AI 딥러닝(Deep Learning),청강가능,공학
인공지능 기반 소셜벤처의 비즈니스 모델 개발,청강가능,사회
혁신 경영을 위한 다양성 전략,청강가능,사회
리스크 관리의 이해 및 응용,청강가능,사회
맞춤형 화장품의 이해,청강가능,자연
문화와 생활 속 청렴 시즌2,종료,교육
문화와 생활 속 청렴,종료,인문
빅데이터와 고객관계관리,청강가능,사회
남북협력개론,청강가능,사회
한국독립운동의 역사,청강가능,인문
"몸, 숨, 맘 요가 (YBBM : Yoga for Body, Breath and Mind)",청강가능,예체능
의료AI를 위한 머신러닝,청강가능,공학
Earth System,청강가능,자연
모두를 위한 머신러닝,청강가능,공학
아동상담: 놀이와 예술을 통한 어린이 마음치료 - 아동 문제의 이해와 놀이･예술 심리평가,청강가능,공학
아동상담: 놀이와 예술을 통한 어린이 마음치료 - 아동의 증상에 따른 놀이･예술 기반 상담의 실제,청강가능,공학
데이터 구조,청강가능,공학
미래 지식과 정보화 사회의 핵심 AI,청강가능,공학
지능 정보 사회와 AI 윤리,청강가능,공학
인공지능 개론 및 응용,청강가능,공학
알기쉬운 데이터베이스론,청강가능,공학
세상을 바꾸는 빅데이터,청강가능,공학
영상처리,청강가능,공학
"위대한 수업1(GREAT MINDS) : 마이클샌델과의 대화, 공정을 말하다",청강가능,사회
Tsinghua Chinese: Start Talking with 1.3 Billion People,청강가능,인문
아동상담: 놀이와 예술을 통한 어린이 마음치료 - 놀이･예술 기반 아동상담의 특성과 과정,청강가능,인문
아동상담: 놀이와 예술을 통한 어린이 마음치료 - 놀이･예술 기반의 아동상담 기법과 활용,청강가능,인문
21세기 미학의 새로운 발견,종료,인문
위대한 수업1(GREAT MINDS) : 힘든 시대의 경제학,청강가능,사회
모두에게 필요한 공중보건(Public health connects us all),청강가능,의료
수학으로 푸는 블록체인(Blockchain solved with mathematics),청강가능,공학
멀티링구얼 습득과 실천: 일본어와 영어를 동시에 배우기(초급),청강가능,공학
클릭! 부산(문화와언어),청강가능,인문
실사례를 통한 머신러닝 알고리즘 구현 실습,종료,공학
SW&AI; 전공 진입을 위한 수학,종료,공학
인문·사회계열 전공생을 위한 Python 입문,종료,공학
조선 문인들이 사랑한 나의 집,종료,인문
실습으로 배우는 머신러닝,종료,공학
미래를 위한 교수법 ② : 학습자 중심 비대면 교육,청강가능,교육
라이프디자인씽킹 ③ : 부모 다시보기,청강가능,교육
외국인유학생을 위한 한국대학문화,청강가능,교육
라이프디자인씽킹 ② : 직장인의 워라밸 찾기 프로젝트,청강가능,교육
기초 인도네시아어,청강가능,인문
기초 터키어 여행 회화,청강가능,인문
기초 헝가리어,청강가능,인문
기초 우즈베크어 생활회화,청강가능,인문
삶을 버티게 하는 가치들,청강가능,인문
문학예술과 광기,청강가능,인문
건강한 삶을 위한 운동 스마트한 헬스케어,청강가능,인문
인문고전 마르크스의 <자본>을 읽다,청강가능,인문
알기 쉬운 기계재료 성형,청강가능,공학
고전과 현실경영,청강가능,인문
체육학개론,청강가능,예체능
금융공학을 위한 인공지능,청강가능,공학
인공지능을 위한 파이썬 기초,청강가능,공학
한국의 민주주의와 민주화 운동Ⅳ,청강가능,사회
한국의 민주주의와 민주화 운동Ⅲ,청강가능,사회
리부팅 인간 중심 과학,청강가능,교육
손생님! 한국수어를 부탁해요-입문편(한국수어 중급회화)-,청강가능,인문
손생님! 한국수어를 부탁해요-활용편(한국수어 활용)-,청강가능,인문
손생님! 한국수어를 부탁해요-기초편(한국수어 기초회화)-,청강가능,인문
손생님! 한국수어를 부탁해요-고급편(한국 수어의 문법)-,청강가능,인문
지구과학과 환경기술,청강가능,자연
양자물리와 양자컴퓨팅 기초,청강가능,자연
"행복한 가족 만들기 ""똑똑한 엄마들의 착각""",청강가능,사회
"스킨케어, 한의학과의 만남",청강가능,자연
실용아트 메이크업,청강가능,예체능
향기 치유,청강가능,자연
위대한 수업1(GREAT MINDS) : 인간의 길,청강가능,사회
모성간호학,청강가능,의료
"세대별 교양 : 나는 여전히 내일이 궁금하다(차이나는 클라스, 김성녀)",청강가능,예체능
항만물류와 4차 산업혁명,청강가능,공학
일반인을 위한 물리 코딩,청강가능,공학
건강한 삶: 건강한 몸과 병든 몸,청강가능,의료
도시경제,청강가능,사회
논리적 영어 글쓰기,청강가능,인문
"세대별 교양 : 사랑이 밥 먹여준다(차이나는 클라스, 김하종)",청강가능,인문
5분 안에 톺아보는 ‘북한의 민족유산(문화재)’,청강가능,인문
영화로 이해하는 불안과 공포,청강가능,예체능
블록체인과 비즈니스 서비스,청강가능,사회
HTML에서 웹앱까지+,청강가능,공학
근현대 중국의지식인들 인간을 묻다,청강가능,인문
파이썬으로 배우는 기계학습 입문 Plus+,청강가능,공학
고객발굴기반 비즈니스 모델 수립,청강가능,사회
위대한 수업1(GREAT MINDS) : 엔지니어 앤드류 응의 AI,청강가능,공학
위대한 수업1(GREAT MINDS) : 국가는 왜 실패하는가,청강가능,사회
패턴으로 정복하는 중급중국어,청강가능,사회
쉽게 들어가는 중국어 입문,청강가능,사회
통증을 물어보는 진료 중국어,청강가능,사회
통증을 알아듣는 진료 중국어,청강가능,사회
팬데믹시대 자기치유,종료,인문
3D콘텐츠 제작기초(메타버스 공간 제작),종료,예체능
1인 미디어와 크리에이터,청강가능,공학
"생활 속으로 들어온 미래, Robot",진행중,공학
비즈니스를 이해하기 쉽게 전달한다! 보고의 달인,진행중,사회
스피치의 달인! 파워스피치,진행중,인문
질문엔 이렇게 대답하라! 대답의 달인,진행중,인문
처음부터 대단한 생각은 없다! 생각수업,진행중,사회
'일잘러’의 효율적인 업무 방법,진행중,사회
학문적 글쓰기를 위한 한국어 문법,청강가능,인문
제한된 윤리성: 원인과 처방,청강가능,사회
대학생을 위한 영어의 장벽 넘기,청강가능,인문
직장인을 위한 영어의 장벽 넘기,청강가능,인문
사건과 스캔들로 보는 옛이야기,청강가능,인문
경영시스템 인증의 이해 -ISO/IEC 17021-1,청강가능,사회
4차 산업혁명 시대의 스마트한 삶-스마트 기술의 이해Ⅱ,청강가능,공학
4차 산업혁명 시대의 스마트한 삶- 스마트 기술의 이해Ⅰ,청강가능,공학
K-FOOD코디네이션(테이블코디네이션+푸드스타일링),청강가능,예체능
도시와 언어로 만나는 러시아,청강가능,예체능
대중음악과 청년문화,청강가능,사회
터키어 읽기 A2,청강가능,인문
"세대별 교양 : 혼자 살 수 있는 생명은 없다(차이나는 클라스, 최재천)",청강가능,자연
위대한 수업1(GREAT MINDS) : 유발 하라리에게 듣는다,청강가능,인문
마학·마술학 기초과정,종료,자연
AWS와 텐서플로우 기반 IoT 빅데이터 실습 및 활용,청강가능,공학
IoT 프로그래밍 및 실습,청강가능,공학
IoT 기술의 이해,청강가능,공학
파이썬 기반 빅데이터 처리 및 분석 기술,청강가능,공학
빅데이터 분석 기술의 이해,청강가능,공학
우주와 생명,청강가능,자연
"인지심리학 한 스푼, 일 잘하는 업무리더로 거듭나기",진행중,사회
글로벌 선진기업으로부터 배우는 성공적 경영전략,진행중,사회
골목과 스타트업에서 배우는 ‘시장을 보는 눈’,진행중,사회
상황별 처세의 기술,진행중,인문
"뭉치면 살고 흩어지면 죽는다, 시너지를 이끌어 내는 협업의 스킬 ",진행중,사회
"반드시 알아야 할 비즈니스 트렌드!, 핵심단어로 풀다",진행중,사회
"성공의 열쇠, 매장전략의 모든 것",진행중,사회
알기 쉬운 기업 살림살이,종료,사회
K-POP을 통해 배우는 STREET DANCE 기초 1,청강가능,예체능
한국의 민주주의와 민주화 운동Ⅱ,청강가능,사회
한국의 민주주의와 민주화 운동Ⅰ,청강가능,사회
로마 문화와 함께 배우는 교양 라틴어,종료,인문
디자인 씽킹을 넘어 가치 디자인으로,청강가능,인문
"아날로그와 디지털 세계를 잇는, 메이커 입문",청강가능,사회
알기 쉬운 스타트업 재무,청강가능,사회
한국문화 깊이 읽기,종료,인문
스토리텔링으로 만나는 한의콘텐츠 기획,청강가능,인문
유전 간호 ,청강가능,의료
지역혁신을 이끄는 로컬 이노베이터 실무교육과정,청강가능,사회
독서치유론,청강가능,인문
문화다양성 전문인력 양성 기본과정,청강가능,사회
신비한 모래놀이치료의 세계,청강가능,의료
신화와 폭력,청강가능,인문
건강운동과 웰니스,청강가능,의료
문화적 다양성과 사회 정의,종료,사회
위대한 수업1(GREAT MINDS) : 지속 가능한 발전,청강가능,사회
사회적 경제와 소셜벤처 창업,청강가능,사회
빅데이터와 융복합 창업,청강가능,사회
액티브시니어를 위한 힐링 요가,청강가능,예체능
무역의 세계사! 무역의 시작과 21세기 무역을 보다,청강가능,사회
실전경영의 이해,청강가능,사회
기업가정신과혁신,청강가능,사회
생물다양성과 생물자원,종료,자연
문학으로 보는 유토피아와 디스토피아,청강가능,인문
영유아 발달,청강가능,교육
한국경제의 이해,청강가능,사회
말보건관리·재활승마이론 기초과정,종료,자연
발달장애 자녀를 위한 상담기법,청강가능,사회
발달장애와 직업진로상담,청강가능,사회
발달과 발달장애의 이해,청강가능,사회
발달장애인 직업재활,청강가능,사회
온라인 참여형 심리백신,청강가능,사회
객체지향형 도면해독,청강가능,공학
발달지연 청소년의 참 세상살이를 위한 의사소통(2): 학업과 학교생활에 관한 기술,종료,교육
발달지연 청소년의 참 세상살이를 위한 의사소통(3): 실제생활기술,종료,교육
"세대별 교양 : 인생 여행이란(차이나는 클라스, 유홍준)",청강가능,인문
위대한 수업1(GREAT MINDS) : 부와 민주주의,청강가능,사회
보행훈련 : 어떻게 다시 걸을 수 있는가,청강가능,의료
조선은 문명국인가,청강가능,인문
무역상무론,청강가능,사회
전자무역론,청강가능,사회
보관하역론,청강가능,사회
화물운송론,청강가능,사회
알아두면 쓸모있는 무역Job이야기,청강가능,사회
환경과 어린이 건강의 이해,종료,의료
손자병법의 세계,청강가능,인문
위대한 수업1(GREAT MINDS) : 여분 차원과 암흑 물질,청강가능,자연
파이썬을 활용한 Business Data Analytics,청강가능,사회
인간수업-뉴노멀시대의 창의융합 인문MOOC,청강가능,인문
의학으로 배우는 삶의 지혜,청강가능,의료
2030세대를 위한 부동산(기초),청강가능,사회
2030세대를 위한 부동산(실무),청강가능,사회
TRAVEL TO ENGLISH GRAMMAR WORLD,청강가능,인문
인간관계 심리학,청강가능,사회
생각의 르네상스,청강가능,인문
부산과 영화,청강가능,예체능
스피치트레이닝,청강가능,사회
호텔을 알면 여행이 즐겁다,종료,사회
공간 빅데이터 프로그래밍,청강가능,공학
Contextual and Cultural Communication (CCC),청강가능,공학
인공지능 수학 고급(Advanced Mathematics for AI),청강가능,자연
인공지능 수학 활용 (Applications of Mathematics for AI),청강가능,자연
"세대별 교양 : 내가 하는 말은 몇 살인가(차이나는 클라스, 강원국)",청강가능,인문
"세대별 교양 : 부모는 아이의 우주다(차이나는 클라스, 오은영)",청강가능,의료
호텔관광실무론,청강가능,융복합
컨벤션 산업론,청강가능,사회
컨벤션영어 실기,청강가능,융복합
컨벤션영어 필기,청강가능,융복합
"호모, 인간을 말하다",청강가능,인문
인도네시아어 A1,청강가능,인문
위대한 수업1(GREAT MINDS) : 강대국의 흥망,청강가능,사회
언택트 시대의 눈건강 관리법,청강가능,사회
"가자, 한국어",청강가능,사회
한국어교육학개론,청강가능,사회
한국어문법교육론,청강가능,사회
한국어어휘교육론,청강가능,사회
한국어발음교육론,청강가능,사회
한국 현대문화의 이해,청강가능,사회
운동선수는 외계인인가?,청강가능,사회
반려동물학,청강가능,자연
스포츠마케팅론,청강가능,예체능
"세대별 교양 : 세상의 모든 아이들을 위한 평화수업(차이나는 클라스, 김영미)",청강가능,인문
문화콘텐츠의 이해,청강가능,인문
혁신 마케팅 CASE STUDY,청강가능,인문
반도체 공정 입문,청강가능,인문
비전공자를 위한 기초 화학,청강가능,인문
문화콘텐츠 스토리텔링 분석,청강가능,인문
위대한 수업1(GREAT MINDS) : 생명,청강가능,자연
비름박 넘어 부산말,종료,인문
JLPT N3 일본어문법,청강가능,인문
협동을 기반으로 사람을 생각하는 사회복지연구,청강가능,사회
정역학,청강가능,공학
동양미술의 광기와 창의성,청강가능,인문
창업 아이템 발굴을 위한 창의적 사고 기법,청강가능,사회
자연학 ‧ 예술 ‧ 한의학 ‧ 인공지능 ‧ 정치학과 유학의 만남 : 인접학문에서 유학을 바라보다,종료,인문
정신 분석으로 읽는 영상과 인간심리,청강가능,인문
20세기 대한민국 문화사,청강가능,인문
인공지능 수학 입문 (Introductory Mathematics for AI),청강가능,자연
인공지능 수학 기초 (Basic Mathematics for AI),청강가능,자연
동양고전 <사서>에서 찾는 인간의길,청강가능,인문
스마트폰이 낳은 신인류 포노사피엔스,청강가능,공학
"영문법, 숨겨진 일반성을 찾아서",청강가능,공학
미국문화의 속살,청강가능,공학
위대한 수업1(GREAT MINDS) : 실리콘밸리의 성공 노트,청강가능,사회
"세대별 교양 : 삶을 바꾸는 이야기의 힘(차이나는 클라스, 정서경)",청강가능,인문
미생물학 입문,청강가능,자연
알고리즘,청강가능,공학
4차 산업시대 미래 질병과 신약개발,청강가능,인문
위대한 수업1(GREAT MINDS) : 세계의 헌법,청강가능,사회
"세대별 교양 : 당신의 행복공간을 찾아라(차이나는 클라스, 유현준)",청강가능,공학
한국문화로 배우는 한국어,청강가능,공학
문화와 생활 속 청렴 시즌2,종료,교육
미래 모빌리티 최신 기술동향,종료,공학
미래산업에서 수소연료전지의 위상,종료,공학
믿고 보는 부산 문화,청강가능,인문
세계로 통하는 한국어 : 초급Ⅱ,청강가능,인문
세계로 통하는 한국어 : 초급Ⅰ,청강가능,인문
세계로 통하는 한국어 : 중급Ⅰ,청강가능,인문
"세대별 교양 : 우리가 경제학을 알아야하는 이유(차이나는 클라스, 장하준)",청강가능,사회
항만물류와 4차 산업혁명,청강가능,공학
위대한 수업1(GREAT MINDS) : 세계무역전쟁,청강가능,사회
연극으로 하는 창의감성교육,청강가능,예체능
시나리오란 무엇인가?,청강가능,예체능
"도시 부산, 공간을 말하다",청강가능,인문
현해탄과 근대 부산,청강가능,인문
한국 교육의 시대적 요청 Ⅱ,청강가능,교육
가족과 건강 : 운동과 뇌 건강 Ⅱ,종료,의료
모범시민의 교양회계 Ⅱ,종료,사회
구글 도구로 만드는 혁신적인 일상,청강가능,공학
손자병법,청강가능,인문
한비자,청강가능,인문
의학세계사,청강가능,의료
B.U.S.(body-user-safety) 지식브릿지,청강가능,인문
부산과 세계,청강가능,인문
포스트휴먼의 이해,청강가능,인문
"Poverty, Inequality & Development Cooperation",종료,사회
생명을 다루는 사람들의 인문학,청강가능,인문
마학·마술학 기초과정,종료,자연
SW와 컴퓨팅적 사고,청강가능,공학
구글도 인정한 구글 도구 마스터되기,청강가능,공학
"세대별 교양 : Z세대에게 들려주고 싶은 뇌 사용법(차이나는 클라스, 정재승)",청강가능,인문
재난관리 리더십과 재난대응 협업 (Disaster Management Leadership and Collaboration for Disaster Response),청강가능,공학
재난커뮤니케이션 (Disaster Communication),청강가능,공학
한국의 재난관리체계 (Disaster Management System in Korea),청강가능,공학
위대한 수업1(GREAT MINDS) : 공포의 뇌과학,청강가능,자연
모두를 위한 사회학 입문 Ⅱ,청강가능,사회
생물학적 인간Ⅱ,청강가능,자연
대운하를 통해 본 중국의 정치경제사 II,청강가능,인문
위대한 수업1(GREAT MINDS) : 팩트 폭격,청강가능,사회
문화융합시대의 창업,청강가능,사회
디지털 논리회로와 인공지능,청강가능,공학
아동과 청소년의 건강환경 Ⅱ,종료,공학
발레 : 융합문화예술의 실제 Ⅱ,종료,공학
생각보다 가까운 FTA(2),청강가능,공학
경영시스템 인증의 이해 -ISO/IEC 17021-1,청강가능,사회
"세대별 교양 : 당신의 인생을 스타트업 하세요(차이나는 클라스, 김태용 이채린)",청강가능,사회
욕망의 이해 : 모방이론으로 우리 일상 돌아보기,청강가능,인문
위대한 수업1(GREAT MINDS) : 암,청강가능,의료
"세대별 교양 : 괴짜의 상상은 현실이 된다(차이나는 클라스, 이광형총장)",청강가능,인문
삶을 버티게 하는 가치들,청강가능,인문
인문고전 마르크스의 <자본>을 읽다,청강가능,인문
고전과 현실경영,청강가능,인문
문학예술과 광기,청강가능,인문
"치매, 파킨스병, 뇌졸중 환자의 연하장애",청강가능,의료
4차산업혁명과 산업보안법제도,청강가능,사회
사진 이후의 사진,청강가능,예체능
금융 AI,청강가능,사회
지역사회 건강관리와 사회문제 해결,종료,사회
크리에이터를 위한 글쓰기,청강가능,인문
딥러닝의 깊이 있는 이해를 위한 머신러닝,청강가능,공학
인공지능 연구동향,청강가능,공학
세대간 소통을 위한 리더십,청강가능,교육
신 한류 문화의 이해,청강가능,인문
신경망 네트워크와 수학적 기반,청강가능,공학
약물유전체학,청강가능,자연
기초심폐소생술과 응급처치,청강가능,의료
외국인근로자 사업담당자가 알아야 할 보건의료지원의 이해,청강가능,의료
알기 쉬운 기계재료 성형,청강가능,공학
태국어 문장 만들기,청강가능,인문
소비자가 만드는 새로운 세상,청강가능,사회
꼬리에 꼬리를 무는 역사1,종료,인문
수학적 표현과 이산 구조,종료,인문
실전 타이포그래피,청강가능,예체능
가족과 건강 : 운동과 뇌 건강 Ⅰ,종료,의료
모범시민의 교양회계 Ⅰ,종료,사회
고전문헌과 역사문화Ⅱ,청강가능,인문
희망의 인문학 : 우리는 희망에서 무엇을 배우고 가르칠 수 있는가 Ⅱ,종료,인문
위대한 수업1(GREAT MINDS) : 실천윤리학,청강가능,인문
손과 눈으로 따라하는 석유화학 품질실무,청강가능,공학
생산성 높은 공장 만들기,청강가능,공학
외국인을 위한 다문화 한국사회의 이해,청강가능,사회
영화와 테크놀로지,청강가능,예체능
생활 속의 약과 건강,청강가능,의료
생활 속의 표절과 저작권,청강가능,사회
언리얼 엔진 리얼 제작기,청강가능,공학
마케팅조사론,청강가능,사회
컴퓨터활용능력 1급,청강가능,공학
사이버상담 개론,종료,사회
마음을 성장시키는 상담자 대화법,청강가능,사회
웹문학과 디지털 인간,종료,인문
웹소설 창작과 업로드,종료,인문
웹툰 스토리 작법,종료,인문
웹스토리텔링과 유튜브,종료,인문
웹스토리 콘텐츠 운용,종료,인문
3D 프린터! 아이디어를 출력하라,종료,공학
인공지능 윤리,종료,공학
심리학으로 풀어보는 군대이야기,청강가능,사회
빨주노초파남보 나의 삶 속의 색,청강가능,예체능
시따라 길따라,청강가능,사회
4차 산업혁명과 스타트업 실무 역량강화,청강가능,사회
"세대별 교양 : 여러분은 춤추고 꿈꾸고 있나요(차이나는 클라스, 리아킴편)",청강가능,예체능
"4차 산업혁명, 찐 고수되기",청강가능,예체능
위대한 수업1(GREAT MINDS) : 생각은 어떻게 작동하는가,청강가능,사회
"세대별 교양 : 당신의 상상이 살아움직인다면(차이나는 클라스, 에릭오편)",청강가능,예체능
희망의 인문학 : 우리는 희망에서 무엇을 배우고 가르칠 수 있는가 Ⅰ,종료,인문
일본취업과 기업문화,청강가능,인문
"글로벌시대, 문화관광콘텐츠의 이해",종료,사회
생활 속의 물리치료,종료,의료
누구나 할 수 있는 AI 머신 러닝,청강가능,공학
K-콘텐츠로 배우는 한국문화,청강가능,인문
자율주행 인공지능 시스템,종료,공학
해외긴급구호 의료팀 교육,종료,의료
AWS와 텐서플로우 기반 IoT 빅데이터 실습 및 활용,청강가능,공학
IoT 기술의 이해,청강가능,공학
IoT 프로그래밍 및 실습,청강가능,공학
분단과 평화에 관한 문화인류학의 탐색,청강가능,사회
파이썬 기반 빅데이터 처리 및 분석 기술,청강가능,공학
빅데이터 분석 기술의 이해,청강가능,공학
가상현실과 햅틱스,종료,공학
할 수 있게 하는 4IR 기술,청강가능,의료
PACK&TECH;: 패키징(기초편),청강가능,공학
"손끝 금융, 핀테크 경영",종료,사회
공직사회 반부패 원리와 방안,청강가능,사회
우주생명과학: 우주에서 만난 지구인,청강가능,자연
포용적 사회를 위한 디지털헬스케어,청강가능,의료
엑셀로 배우는 비용편익분석,청강가능,사회
정부와 행정,종료,사회
위대한 수업1(GREAT MINDS) : 돈의 심리학,청강가능,사회
사고와 안전의 이해 : 위험 관리에 대한 전략,청강가능,공학
"바이오테크놀러지, A에서 Z까지",청강가능,자연
왜 음식윤리인가 : 문제 해결의 열쇠,종료,자연
언어의 세계 : 중국,종료,자연
환경사건에 감춰진 진실,청강가능,인문
"한국, 세계와 만나다: '조약'으로 보는 한국근대사 ",청강가능,인문
4차 산업혁명과 창업 비즈니스,청강가능,사회
위대한 수업1(GREAT MINDS) : 젠더,청강가능,사회
"진취적 통일왕조, 고려 500년",청강가능,인문
Life 3.0 시대와 노화혁명,청강가능,의료
독서경영: 독서와 가치있는 삶,청강가능,인문
인공지능 기반 생체신호계측 및 이상치 검출,청강가능,공학
로봇공학과 인공지능,청강가능,공학
현대인권과 법,청강가능,사회
"물리, 익숙한 것들의 마법",청강가능,자연
황하 문명에서 제국의 출현까지,청강가능,인문
분쟁의 세계지리,청강가능,사회
1인 미디어와 크리에이터,청강가능,공학
폴란드어 ABC와 기초여행회화,청강가능,인문
포르투갈어 Pre-A1,청강가능,인문
스와힐리어 기초회화,청강가능,인문
기초이란어(페르시아어),청강가능,인문
태국어 문자와 기초회화,청강가능,인문
힌디어 문자 및 발음과 기초여행회화,청강가능,인문
기초 몽골어,청강가능,인문
스타트업챌린지,청강가능,사회
역사와 자연 생태로 알아보는 독도이야기,청강가능,인문
100개 한자로 읽는 중국문화,청강가능,인문
부산 건축 톺아보기,청강가능,공학
스마트폰으로 영화 만들기,청강가능,예체능
문화로 읽는 부산,청강가능,인문
연기와 오디션 테크닉,청강가능,예체능
가족과 건강 : 질병예방과 건강증진 Ⅱ,종료,의료
결정의 미학 : 결정이 두려운 당신에게,종료,인문
조선 산업 : 미래기술의 집합체가 되다,종료,공학
위대한 수업1(GREAT MINDS) : 당신이 몰랐던 진화론,청강가능,자연
Harmonic functions of two real variables and Applications,청강가능,자연
Design Thinking : 문제의 발견과 해결,청강가능,자연
"미생물, 면역, 그리고 감염성 질병",청강가능,자연
스마트 계약 및 응용,청강가능,공학
시계열분석 기법과 응용,청강가능,공학
고급 블록체인 이론 및 응용,청강가능,공학
데이터과학을 위한 R프로그래밍,청강가능,공학
나노광학: 플라즈모닉스와 메타물질,청강가능,공학
시스템 반도체 설계(하드웨어 시스템즈),청강가능,공학
코딩으로 배우는 일반화학,청강가능,자연
블록체인 이론 및 응용,청강가능,공학
블록체인 입문,청강가능,공학
암호화폐 이론 및 응용,청강가능,공학
전자기학 입문 - 일반물리 II,청강가능,자연
기업과 경영,청강가능,사회
도시와 환경디자인,청강가능,공학
창업의 첫걸음,청강가능,사회
헬리콥터 비행의 이해 : 한계 그리고 도전,청강가능,공학
자율 에이전트 및 멀티 에이전트 시스템,종료,공학
대화와 인간관계,종료,인문
스마트 팩토리에 대한 이해 : 우리는 제조업을 어떻게 스마트하게 만들 수 있는가?,종료,공학
휴먼컴퓨터인터페이스,종료,공학
최초반응자를 위한 외상처치술,청강가능,의료
응용유체역학,청강가능,공학
전산유체역학,청강가능,공학
에어로졸개론,청강가능,공학
대기오염개론,청강가능,공학
미세먼지를 알아보자!,청강가능,공학
김기훈과 함께하는 알기쉬운 스케이트,청강가능,예체능
법률가와 정치,청강가능,사회
고대 그리스 신화와 문학세계,청강가능,인문
디지털 시대의 커뮤니케이션,청강가능,인문
반도 채 몰라도 들을 수 있는 반도체 소자 이야기,청강가능,공학
시민을 위한 정부회계,청강가능,사회
한국의 자연지리,종료,자연
반려견 컷 스타일링,청강가능,자연
21세기 체형 관리학,청강가능,자연
환경관리학,청강가능,자연
광고&잡지 스타일링,청강가능,예체능
20세기 패션,청강가능,예체능
반려견 기본예절훈련,청강가능,자연
기초 스타일링,청강가능,예체능
기초 반려견 스타일링,청강가능,자연
반려동물의 이해,청강가능,자연
펫 소품 디자인,청강가능,자연
방송&무대 스타일링,청강가능,예체능
뷰티 스타일링,청강가능,예체능
시민을 위한 도시학 개론,청강가능,공학
고려의 유산,청강가능,인문
쉽게 시작하는 기초선형대수학,청강가능,자연
가족과 건강 : 질병예방과 건강증진 Ⅰ,종료,의료
위대한 수업1(GREAT MINDS) : 세계 경제 예측,청강가능,사회
흔들리는 20대 : 청년 심리학,종료,사회
현대사회 건강문제와 인간돌봄학문으로서의 간호,종료,사회
서울대 소장품 감상하기: 예술을 중심으로 ,종료,사회
감염병 대응 음압병실 체험하기,종료,사회
경제학원론 : 거시경제학,종료,사회
니체 읽기-인문고전 『차라투스트라는 이렇게 말했다』,종료,사회
논어와 현대 사회 - 리더를 위한 논어 읽기,종료,사회
인간 뇌의 이해,종료,사회
데이터로 배우는 통계학,종료,사회
종교 상징의 이해,종료,사회
경제학 들어가기,종료,사회
경제학원론 : 미시경제학,종료,사회
상담학 들어가기,종료,사회
행복심리학,청강가능,사회
우주와 생명,종료,자연
언어와 인간,종료,자연
문학/영화와 인공지능,종료,자연
인공지능의 기초,종료,자연
데이터 마이닝,종료,자연
인공지능 만들기,종료,자연
심리학과 인공지능,종료,자연
언어학과 인공지능,종료,자연
철학과 인공지능,종료,자연
스토리텔링과 인공지능,청강가능,자연
경제통계학 3부 - 표본조사와 통계적 추론 ,청강가능,자연
빅데이터와 인공지능의 응용,종료,자연
인간 중심 성찰과 디자인,종료,자연
경제통계학 1부 : 그림과 수치를 이용한 자료의 정리,청강가능,자연
"경제통계학 2부 - 통계적 추론을 위한 개념, 도구, 사례 ",청강가능,자연
콘택트렌즈 선택과 피팅,청강가능,의료
기술융합시대의 라이프 트렌드,청강가능,사회
인공지능 기반 디자인 트렌스포메이션,청강가능,예체능
사이보그 인문학,청강가능,인문
<삼자경三字經> 인문학 -세 글자로 읽는 중국문화-,청강가능,인문
한국 인문 DNA 세시풍속과 한국어,청강가능,인문
자연을 닮은 피부와 건강,청강가능,자연
침구와 경락 피부미용,청강가능,자연
피부미용과 K-뷰티,청강가능,자연
본초학과 한방팩,청강가능,자연
스마트식생활,청강가능,자연
재활 스트레칭,청강가능,자연
창의적인 사람의 7가지 습관,종료,사회
건강과 식생활,종료,사회
4차산업혁명 시대의 디지털 윤리,종료,공학
부자학,종료,사회
소프트웨어와 창의적사고,종료,공학
한국 생활사,종료,인문
Understanding Human Rights,종료,사회
현대인의 정신건강,종료,사회
4차 산업혁명과 경영혁신,종료,사회
설득의 과학,종료,사회
역사와 문화 속의 인간,종료,인문
"의료사고, 법으로 이해하기",종료,사회
비즈니스를 위한 인공지능,종료,사회
Excel Basic Foundation,청강가능,공학
철도인프라 BIM 활용기술,청강가능,공학
Human Resource Management in the Hospitality industry,청강가능,사회
Project Management,청강가능,사회
재즈 연주개념을 통한 음악의 이해,청강가능,예체능
다문화사회의 이해,청강가능,사회
인간심리의 탐구,청강가능,사회
여론조사의 이해,청강가능,사회
공동주택 분쟁 이해,청강가능,사회
신뢰성공학,청강가능,공학
K-뷰티 메이크업,청강가능,예체능
패션 스튜디오,종료,예체능
"한국근대사, 감춰진 이야기",청강가능,인문
일반화학 개념의 핵심,청강가능,자연
추리소설의 인문학적 탐구,청강가능,인문
차이나 허스토리,청강가능,인문
영화로 배우는 성장발달과 건강증진,종료,의료
동아시아 속 중국 공연예술,청강가능,의료
"또 하나의 유럽, 발칸 유럽의 역사 문화 이해",청강가능,인문
초급몽골어 입문(A1-1),청강가능,인문
베트남어 읽기 A2,청강가능,인문
기초 힌디어,청강가능,인문
크메르어 문자와 기초회화,청강가능,인문
초급 아랍어,청강가능,인문
현대 미얀마어 입문,청강가능,인문
초급아랍어 입문과정,청강가능,인문
포르투갈어초급 입문 과정,청강가능,인문
포르투갈어초급 입문과정2,청강가능,인문
초급아랍어 입문과정2,청강가능,인문
공자의 지혜 The Confucius’ Wisdom,청강가능,인문
Purchase and Inventory Management,청강가능,사회
How to open a food & beverage business,청강가능,자연
Concepts of Post-Production,청강가능,예체능
Introduction to Railroad Systems,청강가능,공학
출근길 사이보그 인문학(마이크로강좌),청강가능,인문
HTML에서 웹앱까지,청강가능,공학
세계로 통하는 한국어 : 초급Ⅱ,청강가능,공학
아동과 청소년의 건강환경 Ⅰ,종료,공학
발레 : 융합문화예술의 실제 Ⅰ,종료,공학
해양과 문화,청강가능,인문
Operation Management,청강가능,사회
유튜브와 SNS에서 저작권,청강가능,사회
태국어 문자 배우기,청강가능,인문
상하수도공학,청강가능,공학
인간의 판단과 의사결정,청강가능,사회
강화학습의 수학적 기초와 알고리듬 이해,청강가능,공학
미생물과 건강보건,청강가능,의료
5분 생활 보건(마이크로강좌),청강가능,의료
생물화학공학,청강가능,자연
폐기물관리 및 처리,청강가능,자연
로보틱스,청강가능,공학
성장과발달,청강가능,의료
사회적 가치와 소셜벤처,청강가능,사회
소셜벤처 투어- 창업실무,청강가능,사회
사회적 가치와 임팩트투자,청강가능,사회
생생한 소셜벤처 창업 스토리,청강가능,사회
헌법: 갈등해결의 코드,종료,사회
"기본권, 세상과 통하는 法",종료,사회
음악은 왜 치료적인가?,종료,의료
예술적 얼굴과 감정조절,종료,예체능
민족의 지성 다산 정약용의 삶과 철학,청강가능,인문
전기자기학,청강가능,공학
시니어 건강운동 지도자를 위한 이론과 실제,청강가능,예체능
신체이완과 움직임 (소메틱 소도구 필라테스),청강가능,예체능
바디발란스,청강가능,예체능
한국 알리기 외교,청강가능,사회
회로이론,종료,공학
동북아해역의 이해,청강가능,인문
기후변화와 에너지 선택문제,청강가능,사회
해양문화산업의 이해,청강가능,인문
해양인문학의 이해,청강가능,인문
수학으로 푸는 자율주행AI(Autonomous Driving AI based on Mathematics),청강가능,공학
소매틱 재활,종료,의료
International Development and Major Issues and Sectors In Korean Perspective,청강가능,사회
모바일 프로그래밍,청강가능,공학
현대인을 위한 감정의 심리학,종료,인문
우리 문화 속의 한자어,종료,인문
International Development with Developing Country's Perspective,청강가능,사회
International Development with Donor's Perspective,청강가능,사회
International Development Projects Management in Korean Perspective,청강가능,사회
시란 무엇인가,청강가능,인문
셰익스피어,청강가능,인문
심리학 START,청강가능,인문
디자인씽킹을 통한 교육혁신,종료,교육
디자인씽킹을 통한 사회혁신,종료,사회
보전생물학,청강가능,자연
디자인씽킹을 통한 경영혁신,종료,사회
디자인씽킹을 통한 공학혁신,종료,공학
미래를 위한 교수법 : 테크놀로지를 활용한 학습자 중심 교육,청강가능,교육
혁신의 기술 : 3D프린터로 만드는 희망,청강가능,공학
라이프디자인씽킹 : 대학생의 진로 탐색 프로젝트,청강가능,교육
디자인씽킹 리더 코칭,종료,교육
퓨처디자인씽킹,종료,사회
창의성의 발견,종료,교육
국제지역학 입문II : 개발협력학,청강가능,사회
문학과 영화를 통한 법의 이해,종료,사회
진로지도와 상담,종료,교육
기초회로이론,청강가능,공학
"Identity, Agency, Equality and Security in the Age of AI",종료,사회
인간은 왜 병에 걸리는가?: 질병의 생태와 진화,종료,자연
음악과 과학/기술,종료,예체능
과학적 예술로서의 광고심리,종료,사회
세 문명 이야기: 중세 지중해 교류사,종료,인문
인간행위와 사회구조,종료,사회
의생명과학기술과 법,종료,사회
기업명성과 커뮤니케이션,종료,사회
"빅데이터의 세계, 원리와 응용",종료,사회
동물의 행동,종료,자연
어원으로 문화읽기,종료,인문
현대물리학과 인간사고의 변혁,종료,자연
아동의 신비한 언어습득력: 이중언어 아동,종료,인문
애니메이션의 이해,종료,예체능
여행과 지리,종료,사회
리빙랩 설계 입문,청강가능,공학
그림으로 듣는 한국 음악,청강가능,공학
4차 산업혁명 기반기술을 활용한 비즈니스 혁명,청강가능,사회
"내일, 내 일은 산업강사",청강가능,교육
"도전, 정신건강 사회복지사",청강가능,사회
자원봉사 시민교육을 말하다,청강가능,사회
마음챙김으로 스트레스 다스리기,청강가능,인문
발달장애인과 함께 세상속으로,청강가능,사회
외식산업 인터넷 마케팅,청강가능,사회
"베이비시터, '함께 키움'의 세상 만들다",청강가능,인문
사회복지사를 위한 케어 매니지먼트,청강가능,사회
우리 아이를 위한 아동안전설명서,청강가능,교육
클라우드 컴퓨팅과 인공지능,청강가능,공학
"문화 코드로 대중서사 읽기 : 연애, 공포",종료,인문
위기의 정치경제학,청강가능,사회
고전의 현장과 스토리,청강가능,인문
북한도시와 건축(Architecture and urbanism in North Korea),청강가능,사회
북한관광의 이해와 전망(Understanding and Prospects of North Korean Tourism),청강가능,사회
딥러닝 개론,종료,공학
재난과 정신건강,종료,사회
세계일주로 배우는 국가와 도시,종료,사회
한국문화의 이해 ,종료,인문
지역문화의 이해,종료,인문
사회복지역사,종료,사회
사회복지정책론,종료,사회
성인학습 및 상담,종료,교육
소비자행동의 심리학,종료,사회
수어의 이해 ,종료,교육
함께하는 장애탐험,종료,교육
어패럴패턴캐드,종료,예체능
발달지연 청소년의 참 세상살이를 위한 의사소통(1): 대인관계 기술,종료,교육
지적장애학생교육,종료,교육
발달장애인을 위한 꿈의 대학,종료,교육
스마트팩토리,청강가능,공학
범죄자 마음을 엿보다: 안전한 사회를 위하여,종료,사회
사물인터넷(Internet of Things),청강가능,공학
시스템 사고와 창의,종료,사회
국제개발협력의 이해,종료,자연
숲으로 떠나는 건강여행,종료,자연
다문화와 세계종교 기행,종료,인문
불교가 묻고 내가 답한다,종료,인문
한국 지형 여행,종료,자연
우주로의 여행,종료,자연
공학생리학 II : 신경시스템,청강가능,의료
공학생리학 I : 근육시스템,청강가능,의료
"한반도의 국제관계(International Relations of the Korean Peninsula : Past, Present, and Future C)",청강가능,사회
뇌교육명상 : 스트레스 관리 및 자기역량강화,청강가능,인문
경제성 공학,청강가능,공학
결혼과 가족(Marriage and Family),청강가능,공학
인구학 입문,청강가능,사회
인공지능 활용 바이오 기술 플랫폼,청강가능,의료
유네스코 세계문화유산 탐방,청강가능,인문
케이팝(K-pop) 문화의 이해,청강가능,사회
영상예술시대의 희곡론,청강가능,인문
공존을 위한 창의적 설계,청강가능,공학
백제속의 동아시아,청강가능,인문
4차 산업혁명과 수학,청강가능,자연
실무 행정법,청강가능,사회
"양명학, 돌봄과 공생의 길",청강가능,인문
한국 교육의 시대적 요청 Ⅰ,청강가능,교육
모두를 위한 사회학 입문 Ⅰ,청강가능,사회
생물학적 인간Ⅰ,청강가능,자연
대운하를 통해 본 중국의 정치경제사 I,청강가능,인문
ICBM+AI 개론,청강가능,공학
고전문헌과 역사문화Ⅰ,청강가능,인문
유네스코 무형유산 제주해녀,청강가능,인문
사물인터넷으로 여는 스마트 세상,청강가능,공학
학교에서 효율적인 의사소통,청강가능,교육
내 몸을 지키는 의학상식,청강가능,의료
자동차-SW-디자인 융합기술의 기초,청강가능,공학
인간관계와 정신건강,청강가능,사회
국제지역학입문I:지역학,청강가능,사회
소비자와 시장,종료,사회
Machine Learning for Data Science,청강가능,공학
고고학의 세계,종료,인문
공감과 환대의 윤리,종료,인문
영남유학을 찾아서 떠나는 서원기행,종료,인문
나무와 선비문화,청강가능,인문
영화 속 숨겨진 의미 읽기,청강가능,예체능
우리 시대 한국의 시인들,청강가능,인문
벡터미적분학Ⅰ,청강가능,공학
"호모나랜스, 스토리텔링을 탐하다.",청강가능,인문
성공적인 소셜벤처 창업을 위한 실무 개론,청강가능,사회
창업과벤처,종료,사회
내 안의 세상을 만나는 치유여행 -실존과 심리치료의 만남,청강가능,사회
미래창업을 위한 창의성과 창의경영,청강가능,사회
남북관계의 이해,청강가능,사회
독일어권 국가들의 문화 이해,청강가능,인문
루쉰과 현대,청강가능,인문
융복합 프론티어 글쓰기,청강가능,인문
물리화학,청강가능,자연
제자백가의 사상,청강가능,인문
운동생리학,청강가능,교육
한류(Hallyu) 한국 대중문화의 글로컬라이제이션(Glocalization),청강가능,사회
현재와 대화하는 조선시대사,청강가능,인문
공공외교란 무엇인가,청강가능,사회
세계는 무엇으로 움직이는가,청강가능,사회
비교경찰론,청강가능,사회
리빙프로덕트디자인,청강가능,예체능
통일한국 준비와 조망,청강가능,사회
영화의 이해,청강가능,예체능
연애시 읽기,청강가능,인문
법 on Air,종료,사회
현대 세계관의 이해 Understanding Modern Worldviews,청강가능,인문
법집행의 딜레마 (Law Enforcement’s Dilemma),청강가능,사회
K-하브루타 : 부모교육,청강가능,교육
엔지니어 정약용 탐구,청강가능,공학
웨어러블 컴퓨터 디자인,청강가능,공학
미디어 빅뱅 시대의 예술-BTS를 중심으로-,청강가능,예체능
딥러닝개론 및 응용,청강가능,공학
기계학습,청강가능,공학
정보보호와 보안의 기초,청강가능,공학
예술가와 디자이너를 위한 아트 코딩,청강가능,융복합
멀티미디어,청강가능,공학
일반인을 위한 물리 코딩,청강가능,공학
콘텐츠산업의 비즈니스 전략,청강가능,공학
코딩과 스토리텔링,청강가능,공학
데이터엔지니어링,청강가능,공학
"국어연구소, 당신이 모르는 한국어",청강가능,인문
"차이나 리포트, 중국통상을 말하다",청강가능,사회
미디어는 메시지다. 미디어 생태학,청강가능,사회
기후변화와 지속가능발전,청강가능,자연
실생활에서 만나는 경영의사결정,청강가능,사회
사회적경제기업가의 경영전략,청강가능,사회
한시공감,청강가능,인문
AI 연구자를 위한 통계적 학습론,청강가능,자연
[A.I. SERIES] R을 활용한 통계학개론,청강가능,자연
건강생활 지침서: 비만에 대한 모든 것 1,청강가능,의료
건강생활 지침서: 비만에 대한 모든 것 2,청강가능,의료
사회적기업 아름다운 경영이야기,청강가능,사회
재미있는 글로벌 경제 기행,청강가능,사회
컴퓨터 네트워킹,청강가능,공학
딥러닝을 위한 선형대수학,청강가능,자연
4차 산업혁명,청강가능,사회
유체역학,청강가능,공학
바다의 불편한 진실,청강가능,공학
현대인을 위한 물리의 이해,청강가능,공학
Cultural Psychology,청강가능,공학
금연과 건강한 삶,청강가능,공학
"인류의 그림자, 에너지 바로 알기",청강가능,공학
부와 빈곤의 글로벌 지도,청강가능,공학
함께하는 스마트 다이어트,청강가능,공학
사람의 마음을 움직이게 하는 리더십의 비밀,청강가능,공학
세상을 바꾸는 스타트업 이야기,청강가능,공학
첨단 바이오테크놀로지의 이해,청강가능,공학
센서 및 구동기,청강가능,공학
삶은 화학물질과의 소통이다: 웰빙 사이언스,청강가능,공학
초급베트남어 듣기 말하기2,청강가능,인문
Introduction of Edutainment Park System,청강가능,교육
건강생활지침서 : 음주,청강가능,의료
한국의 전쟁과 문화 변동,청강가능,인문
생각보다 가까운 FTA(1),청강가능,인문
생활 속 피부질환 이야기,청강가능,인문
파이썬으로 배우는 기계학습 입문,청강가능,공학
초급베트남어 듣기 말하기,청강가능,인문
파이썬 프로그래밍,청강가능,공학
4차 산업혁명과 5G 무선통신,청강가능,공학
예술과 경영의 만남,청강가능,공학
위대한 수업1(GREAT MINDS) : 누가 진정한 리더인가,청강가능,사회
민법학입문,청강가능,사회
인공지능 HRI,청강가능,사회
"글로벌 소통의 중심, 통역과 번역",청강가능,사회
역사와 문화로 읽는 유럽도시,청강가능,사회
미래직업 : 3D 프린터 운용 전문가,청강가능,사회
영국에 영어는 없었다,청강가능,사회
알기 쉬운 화장품과 피부과학 이야기: 피부의 가치를 부여하는 화장품 이야기,청강가능,자연
환경의 역습! 원인과 우리의 대처,청강가능,공학
"소비자, 아는 것이 힘이다!",청강가능,사회
디지털건설경영,청강가능,공학
4차 산업혁명과 소셜벤처 창업,청강가능,사회
"생명의 과학 - 생명, 그 신비에의 도전",청강가능,자연
인공지능을 위한 기초수학 입문 (High school),청강가능,공학
21C 필수역량 강화를 위한 팀 앙트레프레너십,청강가능,사회
감각과 불안의 서사 : 엔터테인먼트의 터전이 되다,청강가능,예체능
성공 비즈니스 모델과 사업계획 수립,청강가능,사회
딥러닝 시대에도 필요한 고급기계학습,청강가능,공학
"인공지능을 위한 알고리즘과 자료구조: 이론, 코딩, 그리고 컴퓨팅 사고",청강가능,공학
논쟁으로 보는 한국 성리학,청강가능,인문
철학 테제로 보는 유학: 한 문장이 세계를 디자인하다,청강가능,인문
4차 산업혁명과 모바일 커머스 창업,청강가능,공학
인문학으로 읽는 <손자>의 지혜,종료,인문
"맹자(孟子), 사람정치의 철학자",종료,인문
차량용 내부 통신시스템,청강가능,공학
미적분학Ⅲ-벡터미적분학,청강가능,자연
예기(禮記): 함께하는 삶에서의 품위있고 예절바른 행위에 대한 기록,청강가능,인문
춘추(春秋): 이상 사회를 향한 역사의 법정,종료,인문
네트워크 기초,청강가능,공학
"서경, 덕의 나라를 향한 진군가",청강가능,인문
선형대수학,청강가능,자연
자율주행을 위한 머신러닝,청강가능,공학
차량용 외부 통신시스템,청강가능,공학
차량용 제어 시스템,청강가능,공학
"시경, 시를 알아야 사람노릇 할 수 있다",종료,인문
미적분학Ⅱ-다변수 미적분학,청강가능,자연
중국 팔자(八字)명언과 한자의 이해,종료,인문
장자(莊子) 변신에서 자유를 찾다,청강가능,인문
"노자, 언어에 길을 내다",종료,인문
"주역, 잘 먹고 잘 살기",청강가능,인문
한국영화사로 보는 가족,청강가능,인문
"플라즈마와 건강, 그리고 생활문화",청강가능,인문
현재와 과거를 잇는 한국문화사,청강가능,인문
연애시의 극장 : 보고 듣고 말하는 한국의 연애시,청강가능,인문
수학사,청강가능,인문
이공계 학생을 위한 핵심반도체 개론,청강가능,공학
문화관광상품의 이해,청강가능,사회
조명디자인,청강가능,예체능
스크래치와 스마트 코딩,청강가능,예체능
청년취업과 기술혁신 창업전략,청강가능,사회
한국 현대문화의 이해,청강가능,사회
운동선수는 외계인인가?,청강가능,사회
전산인지과학 및 인간지능과 인공지능,청강가능,공학
확률적 그래픽 모델,청강가능,공학
대학생을 위한 영어의 장벽 넘기,청강가능,인문
직장인을 위한 영어의 장벽 넘기,청강가능,인문
프리콘(Pre-construction),청강가능,공학
지식재산권,청강가능,사회
"글로벌시대, 문화관광콘텐츠의 이해",종료,사회
생활 속의 물리치료,종료,의료
K-FOOD코디네이션(테이블코디네이션+푸드스타일링),청강가능,예체능
4차 산업혁명 시대의 스마트한 삶- 스마트 기술의 이해Ⅰ,청강가능,공학
4차 산업혁명 시대의 스마트한 삶-스마트 기술의 이해Ⅱ,청강가능,공학
제4차 산업혁명 기반 기술의 이해,청강가능,공학
인간과 삶,청강가능,인문
디지털 논리회로와 인공지능,청강가능,공학
문화와 생활 속 청렴,종료,인문
소프트웨어 중심 사회속의 인터넷 윤리,청강가능,인문
미적분학 I - 활용을 중심으로,청강가능,자연
자율주행 인공지능 시스템,종료,공학
"스크린에서 만나는 분단과 갈등, 그리고 평화",청강가능,사회
"평양의 어제, 오늘 그리고 내일",청강가능,사회
인공지능 만들기,종료,사회
경제학원론 : 거시경제학,종료,사회
감염병 대응 음압병실 체험하기,종료,사회
희망의 인문학 : 우리는 희망에서 무엇을 배우고 가르칠 수 있는가 Ⅱ,종료,인문
현대사회 건강문제와 인간돌봄학문으로서의 간호,종료,인문
데이터로 배우는 통계학,종료,인문
서울대 소장품 감상하기: 예술을 중심으로 ,종료,인문
인간 중심 성찰과 디자인,종료,인문
영화로 배우는 성장발달과 건강증진,종료,의료
생물학적 인간Ⅱ,청강가능,자연
웹문학과 디지털 인간,종료,인문
웹스토리 콘텐츠 운용,종료,인문
인공지능 윤리,종료,공학
희망의 인문학 : 우리는 희망에서 무엇을 배우고 가르칠 수 있는가 Ⅰ,종료,인문
예측 및 분류를 위한 데이터 애널리틱스 기법 ,청강가능,공학
통합재료역학,청강가능,공학
Design Thinking : 문제의 발견과 해결,청강가능,공학
역사가 영화를 만날 때,청강가능,인문
뮤지컬로 읽는 문학작품,종료,인문
자율 에이전트 및 멀티 에이전트 시스템,종료,공학
성의 과학,청강가능,자연
알기 쉬운 화학이야기,청강가능,공학
지구환경문제,청강가능,자연
전산유체역학,청강가능,공학
서양고전SF소설에서 배우는 융합적사고,청강가능,인문
아동과 청소년의 건강환경 Ⅱ,종료,인문
발레 : 융합문화예술의 실제 Ⅱ,종료,인문
꼬리에 꼬리를 무는 역사1,종료,인문
디지털 프라이버시와 거버넌스,청강가능,인문
4차산업혁명과 인재개발,청강가능,인문
4차산업혁명 시대의 디지털 윤리,종료,공학
뇌졸중의 재활치료 1,청강가능,공학
 뇌졸중의 재활치료2,청강가능,의료
4차산업혁명과 특허,청강가능,의료
신제품 설계론,청강가능,의료
디지털 비즈니스와 보안관리,청강가능,의료
최초반응자를 위한 외상처치술,청강가능,의료
욕망의 이해 : 모방이론으로 우리 일상 돌아보기,종료,인문
인공지능 활용 바이오 기술 플랫폼,청강가능,의료
현대인의 한방건강관리,청강가능,의료
알기 쉬운 한방화장품 제조학,청강가능,공학
"인간,향(香)을 만나다",청강가능,인문
인문학을 품은 한의학 ,청강가능,인문
기초회로이론,청강가능,공학
강원문화사,청강가능,인문
일반생물학 및 실험,청강가능,자연
식물공장,청강가능,자연
남북관계의 이해,청강가능,사회
현재와 대화하는 조선시대사,청강가능,인문
영화로 보는 법과 사회,청강가능,사회
회계정보의 이해와 활용,청강가능,사회
자원과 환경 ,청강가능,자연
한국문학사,청강가능,인문
C 프로그래밍 개론,청강가능,공학
데이터로 바라본 4차 산업혁명 기술,청강가능,공학
파이썬 프로그래밍,청강가능,공학
초급몽골어 입문(A1-1),청강가능,인문
김기훈과 함께하는 알기쉬운 스케이트,종료,예체능
센서(응용)공학,청강가능,공학
[집콕]딥러닝을 위한 선형대수학,청강가능,자연
공자의 지혜 The Confucius’ Wisdom,청강가능,인문
[집콕]코딩으로 배우는 일반화학,청강가능,자연
영상처리와 패턴인식,종료,공학
자료구조,종료,공학
휴먼컴퓨터인터페이스,종료,공학
"올댓song, 노래 is",종료,예체능
미래사회와 정보,청강가능,공학
철도인프라 BIM 활용기술,청강가능,공학
뷰티 스타일링,청강가능,예체능
문학과 예술이론의 아포리아에 대한 동서양의 대화,종료,예체능
4차 산업혁명: 융합적 분석과 인문학의 대안,청강가능,예체능
패션 스튜디오,종료,예체능
생물학적 인간Ⅰ,청강가능,자연
세계 10대 미술관 여행,청강가능,자연
[집콕]인공지능 윤리,종료,공학
니체 읽기-인문고전 『차라투스트라는 이렇게 말했다』,종료,공학
논어와 현대 사회 - 리더를 위한 논어 읽기,종료,공학
인간 뇌의 이해,종료,공학
종교 상징의 이해,종료,공학
소비자와 시장,종료,공학
경제학원론 : 미시경제학,종료,공학
경제학 들어가기,종료,사회
행복심리학,종료,사회
상담학 들어가기,종료,사회
우주와 생명,종료,자연
언어와 인간,종료,자연
철학과 인공지능,종료,자연
문학/영화와 인공지능,종료,자연
인공지능의 기초,종료,자연
데이터 마이닝,종료,자연
심리학과 인공지능,종료,자연
언어학과 인공지능,종료,자연
빅데이터와 머신러닝 소프트웨어,청강가능,자연
스토리텔링과 인공지능,종료,자연
경제통계학 3부 - 표본조사와 통계적 추론 ,종료,자연
빅데이터와 인공지능의 응용,종료,자연
경제통계학 1부 : 그림과 수치를 이용한 자료의 정리,종료,자연
"경제통계학 2부 - 통계적 추론을 위한 개념, 도구, 사례 ",종료,자연
자율주행자동차기술,청강가능,공학
4차 산업혁명시대의 창업전략,청강가능,사회
창업가가 창업을 묻다,청강가능,사회
서양미술에서 배우는 혁신,청강가능,인문
반도 채 몰라도 들을 수 있는 반도체 소자 이야기,종료,공학
[집콕]미디어 빅뱅 시대의 예술-BTS를 중심으로-,청강가능,예체능
[집콕]예술가와 디자이너를 위한 아트 코딩,청강가능,융복합
코딩과 스토리텔링,청강가능,융복합
[집콕]혁신의 기술 : 3D프린터로 만드는 희망,청강가능,공학
세계도시 서울의 인문사회학,청강가능,공학
"[집콕]Identity, Agency, Equality and Security in the Age of AI",종료,사회
건축으로 읽는 사회문화사,종료,공학
기업경영과 법,청강가능,사회
여행으로 경험하는 세상: 지리적 관점의 이해,청강가능,사회
[집콕]세 문명 이야기: 중세 지중해 교류사,종료,인문
디지털 사진의 이해와 활용,종료,예체능
세계여행을 위한 핵심 지리 지식의 이해,청강가능,사회
[집콕]여행과 지리,종료,사회
포스트휴먼 인문학,종료,인문
젠더와 융합인성,종료,인문
방위산업과 사업관리Defense Industry and Defense Acquisition Program,청강가능,인문
Humanoid Robot,청강가능,공학
Drone-원리부터 프로그래밍까지,청강가능,공학
Mobile Robot Perception and Navigation,청강가능,공학
Robot Manipulator and Underwater Robot Application,청강가능,공학
국제지역학 입문II : 개발협력학,청강가능,사회
사람의 마음을 움직이는 심리학(Psychology in the Workings of Human Mind),청강가능,사회
세계인의 북한경제읽기,청강가능,사회
저출산 고령화와 다문화 사회,청강가능,사회
Reading North Korean Culture in a Global Era,청강가능,사회
Reading North Korea in a Global Era,청강가능,사회
환경문제와 윤리,청강가능,인문
건축 파라메트릭 디자인,청강가능,공학
해양인문학의 이해,청강가능,인문
벡터미적분학Ⅰ,청강가능,공학
Special Interest Tourism Marketing,청강가능,사회
유비쿼터스와 의사결정,청강가능,사회
데이터언어의 이해와 활용,청강가능,공학
알기 쉬운 해양생명과학,청강가능,자연
[집콕]인공지능 HRI,청강가능,자연
세계로 열려있는 한국의 형법학 입문,종료,사회
쉽게 배우는 소프트웨어 공학,청강가능,공학
4차 산업혁명과 경영혁신,종료,사회
Understanding Human Rights,종료,사회
헌법: 갈등해결의 코드,종료,사회
현대인의 정신건강,종료,사회
설득의 과학,종료,사회
"기본권, 세상과 통하는 法",종료,사회
역사와 문화 속의 인간,종료,인문
우리 문화 속의 한자어,종료,인문
"의료사고, 법으로 이해하기",종료,인문
비즈니스를 위한 인공지능,종료,사회
음악은 왜 치료적인가?,종료,의료
한국의 자연지리,종료,자연
영재교육과 창의성 계발,청강가능,교육
응용유체역학,청강가능,자연
바이오에너제틱스,청강가능,자연
오픈소스를 활용한 DevOps 환경 이해,청강가능,공학
Microservice 설계 및 구현,청강가능,공학
"소프트웨어 공학 : 왜, 무엇을, 어떻게?",청강가능,공학
클라우드 서비스 아키텍처,청강가능,공학
소프트웨어 테스팅,청강가능,공학
알기 쉬운 원자력 에너지 이야기,청강가능,공학
아동과 청소년의 건강환경 Ⅰ,종료,공학
발레 : 융합문화예술의 실제 Ⅰ,종료,공학
모성간호학,청강가능,의료
Mathematical Fundamentals for Data Science,청강가능,공학
이유 있는 미술 시간,청강가능,예체능
[집콕]한국어교육학개론,종료,예체능
[집콕]한국어문법교육론,종료,예체능
[집콕]한국어발음교육론,종료,예체능
[집콕]한국어어휘교육론,종료,예체능
[집콕]운동선수는 외계인인가?,종료,예체능
[집콕]수학으로 푸는 자율주행AI,청강가능,공학
현대사회의 부모와자녀(Parents and children in contemporary society: Stories of parents growing with their children),청강가능,공학
[집콕]경제학원론 : 거시경제학,청강가능,공학
[집콕]데이터로 배우는 통계학,청강가능,공학
우리는 왜 BTS를 공부해야 할까? (마이크로강좌),청강가능,예체능
코딩으로 창작하기 (마이크로강좌),청강가능,예체능
[집콕]한시공감,청강가능,인문
[집콕]희망의 인문학 : 우리는 희망에서 무엇을 배우고 가르칠 수 있는가 Ⅰ,종료,인문
[집콕]가족과 건강 : 질병예방과 건강증진 Ⅰ,종료,의료
[집콕]인공지능을 위한 기초수학 입문 (High school),청강가능,공학
[집콕]감각과 불안의 서사 : 엔터테인먼트의 터전이 되다,청강가능,예체능
글로벌 경제사,청강가능,사회
[집콕]딥러닝 시대에도 필요한 고급기계학습,청강가능,공학
"[집콕]인공지능을 위한 알고리즘과 자료구조: 이론, 코딩, 그리고 컴퓨팅 사고",청강가능,공학
[집콕]철학 테제로 보는 유학: 한 문장이 세계를 디자인하다,청강가능,인문
복지와테크놀로지,청강가능,사회
[집콕]블록체인 입문,청강가능,공학
[집콕]암호화폐 이론 및 응용,청강가능,공학
[집콕]고급 블록체인 이론 및 응용,청강가능,공학
대화와 인간관계,종료,인문
스마트 팩토리에 대한 이해 : 우리는 제조업을 어떻게 스마트하게 만들 수 있는가?,종료,공학
자율 에이전트 및 멀티 에이전트 시스템,종료,공학
영화와 테크놀로지,종료,예체능
인공지능 활용 바이오 기술 플랫폼,청강가능,의료
신상품 개발론,종료,사회
고령사회와 부동산,종료,사회
4차 산업혁명의 과학에 대한 철학의 프리즘,종료,인문
비즈니스 프로세스 애널리틱스 ,종료,사회
[집콕]자율주행 인공지능 시스템,종료,공학
[집콕]텍스트 마이닝 실전 및 분석,청강가능,공학
흔들리는 20대 : 청년 심리학,종료,공학
[집콕]현대사회 건강문제와 인간돌봄학문으로서의 간호,청강가능,공학
"[집콕]미생물, 면역, 그리고 감염성 질병",청강가능,자연
[집콕]데이터과학을 위한 R프로그래밍,청강가능,자연
[집콕]Harmonic functions of two real variables and Applications,청강가능,자연
[집콕]시스템 반도체 설계(하드웨어 시스템즈),청강가능,자연
벡터미적분학Ⅰ,청강가능,공학
직장인을 위한 영어의 장벽 넘기,청강가능,인문
대학생을 위한 영어의 장벽 넘기,청강가능,인문
[집콕]인간 중심 성찰과 디자인,청강가능,인문
[집콕]에어로졸개론,청강가능,공학
[집콕]전산유체역학,청강가능,공학
[집콕]응용유체역학,청강가능,공학
[집콕]대기오염개론,청강가능,공학
[집콕]미세먼지를 알아보자!,청강가능,공학
디자인씽킹을 통한 통찰훈련,청강가능,공학
[집콕]생활 속의 헌법 이야기,종료,사회
[집콕]흔들리는 20대 : 청년 심리학,청강가능,사회
[집콕]경제학 들어가기,종료,사회
[집콕]인공지능의 기초,청강가능,사회
[집콕]논어와 현대 사회 - 리더를 위한 논어 읽기,청강가능,사회
[집콕]행복심리학,청강가능,사회
"[집콕]글로벌시대, 문화관광콘텐츠의 이해",종료,사회
[집콕]생활 속의 물리치료,종료,의료
[집콕]강화학습의 수학적 기초와 알고리듬 이해,청강가능,공학
[집콕]미생물과 건강보건,청강가능,의료
[집콕]사이보그 인문학,청강가능,인문
해양과 문화,청강가능,인문
[집콕]빅 데이터 첫 걸음,청강가능,공학
"[집콕]생명의 과학 - 생명, 그 신비에의 도전",청강가능,자연
[집콕]선형대수학,청강가능,자연
[집콕]미적분학 I - 활용을 중심으로,청강가능,자연
[집콕]마음을 성장시키는 상담자 대화법,종료,사회
[집콕]민법학입문,청강가능,사회
[집콕]R 데이터 분석 입문,청강가능,공학
"[집콕]빅데이터의 세계, 원리와 응용",종료,사회
[집콕]디지털 사진의 이해와 활용,종료,예체능
[집콕]애니메이션의 이해,종료,예체능
영화로 배우는 성장발달과 건강증진,종료,의료
여행과 지리: 무엇을 어떻게 경험할 것인가,종료,사회
여행과 지리: 세계로 떠나는 여행,종료,사회
꼬리에 꼬리를 무는 역사1,종료,인문
[집콕]심리학 START,청강가능,인문
[집콕]사이버상담 개론,종료,사회
[집콕]웹문학과 디지털 인간,종료,인문
[집콕]웹소설 창작과 업로드,종료,인문
[집콕]웹툰 스토리 작법,종료,인문
[집콕]웹스토리텔링과 유튜브,종료,인문
[집콕]웹스토리 콘텐츠 운용,종료,인문
[집콕]3D 프린터! 아이디어를 출력하라,종료,공학
마케팅조사론,종료,사회
경영시스템 인증의 이해 -ISO/IEC 17021-1,청강가능,사회
비즈니스를 위한 인공지능,종료,사회
[집콕]차이나 허스토리,청강가능,인문
"[집콕]한국근대사, 감춰진 이야기",청강가능,인문
마인크래프트 교육용 에디션을 이용한 문제해결 중심의 컴퓨팅사고력,청강가능,공학
C언어 기반의 라즈베리파이 임베디드 시스템,청강가능,공학
교육방법 및 교육공학,청강가능,교육
알기 쉬운 기계재료 성형,청강가능,공학
이솝우화로 배우는 불어,청강가능,인문
PACK&TECH;: 패키징(기초편),종료,공학
"손끝 금융, 핀테크 경영",종료,사회
공직사회 반부패 원리와 방안,종료,사회
디지털스토리텔링 입문,청강가능,인문
기술경영개론,청강가능,사회
문화창업마케팅,청강가능,사회
KinderTech: 디지털 테크놀로지 시대의 유아교육,청강가능,교육
현대인의 정신건강,종료,사회
최초반응자를 위한 외상처치술,청강가능,의료
경찰과 생활상식,청강가능,사회
현대 도시와 사회적 경제,청강가능,사회
복지융합인재와 휴먼서비스,청강가능,사회
4차산업 혁명시대의 정보보안,청강가능,공학
생명정보개론,청강가능,자연
철도차량동역학,청강가능,공학
[집콕] 인문고전 마르크스의 <자본>을 읽다,청강가능,인문
공공외교와 한국,청강가능,사회
해외긴급구호 의료팀 보수교육,종료,의료
4차 산업혁명 기술을 활용한 비즈니스 혁신,청강가능,공학
경영시스템 인증의 이해 -ISO/IEC 17021-1,청강가능,사회
율곡 이이(李珥)의 철학으로 본 국가 경륜(經綸)과 리더십,청강가능,인문
인터넷 프로토콜,청강가능,공학
"비즈니스 협상, 차이를 인식하라!",청강가능,사회
생물학적 인간Ⅱ,청강가능,자연
AI와 인간의 미래,청강가능,인문
발레 : 융합문화예술의 실제 Ⅱ,종료,인문
객체지향형 프로그래밍과 자료구조,청강가능,공학
판소리Ⅱ: 소리길 순례,청강가능,예체능
한옥Ⅱ: 한옥 느끼기,청강가능,공학
Digital Government Policy and Best Practices of Korea,청강가능,사회
가족과 건강: 알레르기와 아토피를 극복하자,청강가능,의료
정보통신 보안,청강가능,공학
ICT-based Responses to COVID-19 of Korea,청강가능,의료
"가족과 건강: 암, 극복할 수 있다 Ⅱ",청강가능,의료
"장애, 다양성 그리고 함께 사는 사회",청강가능,교육
IoT 응용 프로그래밍,청강가능,공학
문학사를 통해 본 인간상,종료,인문
미래교육을 디자인한다,청강가능,인문
바로 쓰는 판매외국어,청강가능,인문
생활속의 응급처치,청강가능,의료
트렌드 업 스타일,청강가능,예체능
포용적 사회를 위한 디지털헬스케어,종료,의료
엑셀로 배우는 비용편익분석,종료,사회
정부와 행정,종료,사회
미국사: 이만큼 가까운 미국,청강가능,인문
멀티미디어와 교육: 가상현실의 활용,청강가능,교육
부산의 시간을 걷다,청강가능,인문
구석구석 부산에 대한 창의적 시선,청강가능,공학
영화로 보는 중국이야기,청강가능,인문
미래의 에너지: 기후변화 대처를 위한 지속 가능한 에너지 개발,청강가능,공학
4차산업혁명 시대의 디지털 윤리,청강가능,공학
사랑의 인문학,청강가능,인문
한국어를 부탁해 : 한국어 중급Ⅲ,청강가능,인문
C#을 이용한 GUI프로그래밍,종료,공학
호모링구아,종료,인문
한중문화비교론,종료,인문
한국의 세계유산,종료,인문
영상처리와 패턴인식,종료,인문
휴먼컴퓨터인터페이스,종료,공학
My Major & Big Data,종료,사회
미래창업을 위한 창의성과 창의경영,청강가능,사회
의공학 : 생명과 공학의 만남,청강가능,사회
간단한 모형으로 따라잡는 금융공학 트렌드 ,청강가능,사회
알고 보면 쉬운 미적분 이론,청강가능,사회
4차 산업혁명과 경영혁신,종료,사회
Understanding Human Rights,종료,사회
헌법: 갈등해결의 코드,종료,사회
설득의 과학,종료,사회
역사와 문화 속의 인간,종료,인문
"의료사고, 법으로 이해하기",종료,사회
패션 스튜디오,종료,사회
음악은 왜 치료적인가?,종료,의료
한국의 자연지리,종료,자연
이미지로 따져 읽는 문화콘텐츠,청강가능,자연
한국인에게 중국어란 : 중국어 발음과 한-중어의 교집합,청강가능,자연
발레 : 융합문화예술의 실제 Ⅰ,종료,자연
우리 문화 속의 한자어,종료,자연
내 집의 모든 것,종료,공학
세계주요문화와 통번역의 역할,청강가능,인문
그림으로 읽는 영미문학,청강가능,인문
"VFX, 애니메이션 모델링 기초",청강가능,인문
빅데이터와 텍스트마이닝,청강가능,인문
무선인터넷의 이해,청강가능,인문
금융경제 기초,청강가능,사회
고전의 현장과 스토리,종료,인문
문학과 영화를 통한 법의 이해,종료,사회
범죄자 마음을 엿보다: 안전한 사회를 위하여,종료,사회
센서 및 구동기,청강가능,공학
국제지역학 입문II : 개발협력학,청강가능,사회
코딩과 스토리텔링,청강가능,사회
애니메이션 영화의 혼성적 연출특성,청강가능,예체능
"중국, 그 다양성: 중국지역문화와 중국인",청강가능,인문
K-Food : 한국인의 똑똑한 밥상,청강가능,자연
동양고전에서 얻은 삶의 지혜,청강가능,인문
동양사상의 이해,청강가능,인문
우리 지역의 말과 문학,청강가능,인문
한국복식문화사,청강가능,자연
호남지역의 역사와 문화,청강가능,인문
생활원예,청강가능,자연
행복론,청강가능,인문
판소리Ⅰ: 자연을 노래한 한국의 소리,청강가능,예체능
한옥Ⅰ: 우리 한옥 이야기,청강가능,공학
우주와 생명,종료,자연
머신러닝,청강가능,자연
"영어, 일단패(턴과)구(조를)보자",청강가능,인문
원리로 알아보는 경제분석,종료,사회
발레의 이해와 아름다운 몸 만들기,청강가능,예체능
역사로 배우는 세금이야기,청강가능,사회
창의융합인재 되기 3code 전략,청강가능,사회
인문고전으로서의 성서읽기-구약편,청강가능,인문
Internet Marketing,청강가능,사회
고체역학,청강가능,공학
국제사회란 무엇인가,청강가능,사회
수치해석,청강가능,자연
계면현상의 이해와 적용,청강가능,공학
"인류의 그림자, 에너지 바로 알기",청강가능,공학
감성미디어를 통한 인터랙티브 스토리텔링,청강가능,예체능
R 데이터 분석 입문,청강가능,공학
라이프 디자인씽킹: 내 삶을 혁신하는 방법,청강가능,교육
블록체인과 정보보호,청강가능,공학
알기 쉬운 블록체인,청강가능,공학
블록체인의 원리,청강가능,공학
블록체인 응용과 실습,청강가능,공학
소프트웨어적 사유,청강가능,공학
현대철도의 이해,청강가능,공학
한국어를 부탁해 : 한국어 중급Ⅰ,청강가능,공학
한국어를 부탁해 : 한국어 중급Ⅱ,청강가능,공학
디자인씽킹을 통한 경영혁신,청강가능,사회
디자인씽킹을 통한 공학혁신,청강가능,공학
디자인씽킹을 통한 교육혁신,청강가능,교육
디자인씽킹 리더 코칭,청강가능,교육
퓨처디자인씽킹,청강가능,사회
디자인씽킹을 통한 사회혁신,청강가능,사회
창의성의 발견,청강가능,교육
사물인터넷과 4차산업사회,청강가능,공학
콘텐츠 기획의 인문학,청강가능,인문
"WHY, HOW로 풀어보는 생리학",청강가능,의료
창조적 콘텐츠의 디자인 보호와 저작권 알기,청강가능,사회
생물학적 인간Ⅰ,청강가능,자연
보이지 않는 미생물 세계,청강가능,의료
하수관로 조사 및 정보 구축,청강가능,공학
사진 이후의 사진,청강가능,공학
통계학의 이해 Ⅱ,청강가능,자연
공공감사론,청강가능,사회
세계로 통하는 한국어 : 중급Ⅱ,청강가능,사회
세계로 통하는 한국어 : 중급Ⅲ,청강가능,사회
유비쿼터스와 의사결정(하기계절),청강가능,사회
유네스코 무형유산 제주해녀(하기계절),청강가능,인문
알기 쉬운 해양생명과학(하기계절),청강가능,자연
인간행동과 사회환경,청강가능,사회
음악과 미술 사이,청강가능,예체능
경영시스템 인증의 이해 -ISO/IEC 17021-1,청강가능,사회
설득의 과학 Ⅱ,종료,사회
아동과 청소년의 건강환경 Ⅱ,종료,사회
우리 문화 속의 한자어 Ⅱ,종료,사회
발레 : 융합문화예술의 실제 Ⅱ,종료,사회
내 안의 우주 : 인체 구조와 기능 2,청강가능,사회
 뇌졸중의 재활치료2,청강가능,사회
중국민간가요와 대중문화 : 민간가요로 배우는 중국문화,청강가능,사회
이동통신공학Ⅱ,청강가능,공학
생물학적 인간Ⅱ,청강가능,자연
욕망의 이해 : 모방이론으로 우리 일상 돌아보기,종료,인문
"가족과 건강: 암, 극복할 수 있다 Ⅰ ",청강가능,의료
일반인을 위한 첨단 과학기술의 세계,종료,자연
My Major & Big Data,종료,사회
고객 니즈 분석을 통한 융합 제품 개발 전략,청강가능,공학
부산과세계,종료,인문
ICBM+AI 기술을 접목한 리빙랩 설계 입문,청강가능,공학
포용적 사회를 위한 디지털헬스케어,종료,의료
사회적 가치와 소셜벤처,청강가능,사회
"전환의 시대, 한반도 읽기 ; 세 개의 한반도와 나 그리고 우리의 꿈",청강가능,인문
숫자로 보는 북한 주민의 생활,청강가능,인문
해양도시 부산의 역사와 문화,청강가능,인문
4차 산업혁명과 경영혁신,청강가능,사회
논리와 사고,청강가능,인문
인격과 로봇,청강가능,인문
소프트웨어공학,청강가능,공학
"의료사고, 법으로 이해하기",종료,사회
헌법: 갈등해결의 코드,종료,사회
"기본권, 세상과 통하는 法",종료,사회
역사와 문화 속의 인간,종료,인문
패션 스튜디오,종료,인문
음악은 왜 치료적인가?,종료,의료
한국의 자연지리,종료,자연
결혼과 행복,청강가능,인문
모빌리티 디자인 방법론,청강가능,인문
코딩과 스토리텔링,청강가능,인문
내 안의 우주: 인체 구조와 기능 1,청강가능,인문
국제지역학 입문II : 개발협력학,청강가능,사회
설득의 과학Ⅰ,종료,사회
아동과 청소년의 건강환경 Ⅰ,종료,사회
우리 문화 속의 한자어 Ⅰ,종료,사회
학교에서의 효과적인 의사소통 방법,청강가능,교육
세계로 통하는 한국어 : 고급 Ⅱ,청강가능,교육
세계로 통하는 한국어 : 고급 Ⅰ,청강가능,교육
경제통계학 3부 : 표본조사와 통계적 추론 ,종료,교육
"경제통계학 2부 : 통계적 추론을 위한 개념, 도구, 사례 ",종료,교육
시민교양을 위한 정치철학: 한나 아렌트,청강가능,인문
한국어 문화 문법을 통한 한국 문화의 이해,청강가능,인문
결혼과 가족(Marriage and Family),청강가능,인문
감성미디어를 통한 인터랙티브 스토리텔링,청강가능,예체능
R 데이터 분석 입문,청강가능,공학
Quantum Mechanics for IT/NT/BT,청강가능,공학
테너 이현의 오페라 사랑방,청강가능,예체능
수사는 과학이다,청강가능,예체능
생물학적 인간Ⅰ,청강가능,자연
이동통신공학Ⅰ,청강가능,공학
"WHY, HOW로 풀어보는 생리학",청강가능,의료
서양철학산책,청강가능,인문
STATA를 이용한 경제 데이터 분석론,청강가능,사회
제도와 경제,종료,사회
한·중·일 관계사의 비극,종료,인문
Ships 船,청강가능,인문
기능성 식품의 이해,청강가능,자연
러시아의 역사와 문화,청강가능,사회
중국영화,청강가능,사회
우주생명과학: 우주에서 만난 지구인,종료,자연
빅데이터의 처리 및 분석 실습,청강가능,공학
사회적 가치와 소셜벤처,청강가능,사회
모던 프론트 웹 디자인 입문,청강가능,공학
마인크래프트 교육용 에디션을 이용한 컴퓨팅 입문,청강가능,공학
세대간 소통을 위한 리더십,청강가능,교육
가족과 건강: 알기 쉬운 간호학,청강가능,의료
그리스로마 문화와 사상,청강가능,인문
인문기초회계,청강가능,사회
조선후기 사상과 문화,청강가능,인문
한국스토리텔링의 원형,청강가능,인문
교육방법 및 교육공학,청강가능,교육
컴퓨터구조 및 모바일프로세서,청강가능,공학
알기 쉬운 해양생명과학(동기계절),청강가능,자연
유네스코 무형유산 제주해녀(동기계절),청강가능,인문
"의료사고, 법으로 이해하기",종료,사회
논쟁으로 보는 한국 성리학,청강가능,인문
한국의 자연지리,종료,자연
동서고전의 만남,청강가능,자연
"기본권, 세상과 통하는 法",종료,사회
예기(禮記): 함께하는 삶에서의 품위있고 예절바른 행위에 대한 기록,청강가능,인문
"미래로 가는 길, ALL 來(래)",종료,인문
빅 데이터 첫 걸음,종료,공학
설득의 과학 Ⅱ,종료,공학
의료인을 위한 현대적 리더십,청강가능,의료
아동과 청소년의 건강환경 Ⅱ,종료,의료
우리 문화 속의 한자어 Ⅱ,종료,의료
4차 산업혁명의 이해,청강가능,공학
DNA로 살펴 본 생물의 진화,청강가능,자연
디지털통신시스템: 변복조와 전력스펙트럼,청강가능,공학
앙트러프러너십: 스타트업에 도전하는 길,청강가능,사회
할 수 있게 하는 4IR 기술,종료,의료
포용적 사회를 위한 디지털헬스케어,종료,의료
우리말 형태론,청강가능,인문
가족과 건강 : 행복한 삶을 위한 정신의학 Ⅱ,청강가능,의료
"한국, 세계와 만나다:'조약'으로 보는 한국근대사 ",청강가능,인문
모르고 지나친 심리학,청강가능,사회
재미있는 화학공학,청강가능,사회
러시아를 읽는 열세개의 창,청강가능,인문
발해제국의 역사와 문화,청강가능,인문
"지역에서 시작하는 지속가능한 국제개발: 새로운 모형, 새로운 사례 PartⅡ",종료,사회
"지역에서 시작하는 지속가능한 국제개발: 새로운 모형, 새로운 사례 PartⅠ",종료,사회
"생명과 문학의 미학, 박경리의 토지",종료,인문
잃어버린 30억년을 찾아서,청강가능,인문
서비스 로봇,청강가능,인문
"여태명, 캘리그라피 표정담기",청강가능,예체능
한방의학콘서트,청강가능,의료
"창조경영을 위한 인적자원관리, 길을 묻다",청강가능,의료
열역학1,청강가능,공학
유체역학,청강가능,공학
활과 리라: 생물학과 철학의 접점 찾기,청강가능,자연
텍스트 마이닝 실전 및 분석,청강가능,자연
문학이란 무엇인가,청강가능,자연
운동은 약이다: 이론과 실제,청강가능,자연
Understanding Human Rights,종료,사회
"창조의 시대, 르네상스",청강가능,사회
그림으로 읽는 영미문학,청강가능,인문
헌법: 갈등해결의 코드,종료,사회
4차 산업혁명과 경영혁신,종료,사회
한국인의 말과 글 그리고 얼,청강가능,인문
"빅데이터의 세계, 원리와 응용",종료,사회
역사와 문화 속의 인간,종료,인문
4차 산업혁명과 창업(창업 리스크를 줄이는 법률이야기),청강가능,사회
바이오메디컬비전 및 응용,청강가능,공학
한국어 문화 문법을 통한 한국 문화의 이해,종료,인문
"강화도, 우리역사를 말하다",청강가능,인문
유체역학,종료,공학
경제학원론 : 미시경제학,종료,공학
패션 스튜디오,종료,공학
네트워크 기초,종료,공학
21세기의 놀이하는 인간 : 컴퓨터게임 개론,청강가능,공학
"한의학이야기, 전통 속의 우리 의학과 미래가치로서의 한의학",청강가능,공학
진화와 인간 본성,청강가능,공학
센서 및 구동기,청강가능,공학
전기자동차 구동 제어,청강가능,공학
영화 코스튬 디자인,종료,예체능
코딩과 스토리텔링,청강가능,예체능
다문화와 세계종교 기행,종료,인문
설득의 과학Ⅰ,종료,인문
게임인공지능,청강가능,공학
한국의 전쟁과 문화 변동,종료,인문
4차 산업혁명과 현대조직,청강가능,사회
C#을 이용한 GUI프로그래밍,종료,공학
"아두이노, IT인들의 it템",종료,공학
스마트파밍,종료,자연
아동과 청소년의 건강환경 Ⅰ,종료,자연
발레 : 융합문화예술의 실제 Ⅰ,종료,자연
트랜스미디어 스토리텔링,종료,사회
우리 문화 속의 한자어 Ⅰ,종료,사회
한국수어 이해와 기초 실습,청강가능,교육
다시 찾는 조선의 역사와 인물,청강가능,인문
반려동물과 행복나눔,청강가능,의료
식생활 습관과 건강,청강가능,자연
Popology: 대중문화로 인문학하기,종료,인문
고령화 사회의 주거공간학,청강가능,공학
신체이완과 움직임 (소메틱 소도구 필라테스),청강가능,예체능
가족과 건강 : 행복한 삶을 위한 정신의학 Ⅰ,청강가능,의료
열전소재 및 소자입문,청강가능,공학
재료공학과 함께 하는 세상 구경,청강가능,공학
한국의 유네스코 인류무형문화유산 : 축제와 신화,청강가능,인문
연속체 역학과 유한요소해석,청강가능,공학
통계학의 이해 Ⅰ,청강가능,자연
재무제표 작성 : Step-by-Step Guide,청강가능,자연
정책학개론,청강가능,자연
다산선생지식경영법,청강가능,자연
경영데이터마이닝,청강가능,자연
과학기술혁신시대의 디자인이슈,청강가능,자연
다시보는한국독립운동사,청강가능,자연
현실경제의 이해,종료,자연
"과학철학, 인간중심 과학기술 기반사회를 꿈꾸며",청강가능,자연
공연을 만드는 사람들,청강가능,자연
생활속의 화학,청강가능,자연
개념으로 읽는 동아시아 근현대,종료,인문
"La Francophonie : essence culturelle, nécessité politique - 온라인 공개 강좌 « 프랑코포니 : 문화적 정수와 정치적 요구 »",청강가능,사회
소프트웨어공학,종료,공학
Physics for Everybody,청강가능,자연
생명의 프린키피아,청강가능,자연
기업가정신과 행동(Entrepreneurial Thinking and Action),청강가능,사회
교육심리,청강가능,교육
화학으로 본 세상이야기,청강가능,자연
파이썬을 이용한 기계학습 개론,청강가능,자연
디자인 천일야화,종료,예체능
아트플레이: 이미지로 생각하다,청강가능,예체능
코리안 디아스포라의 삶과 문학 ,청강가능,인문
떠도는 자의 운명과 상상력,청강가능,인문
흩어짐의 한국문학 ,청강가능,인문
서양철학의 전통,청강가능,인문
흩어지는 민중과 경계 너머의 지성,청강가능,인문
러시아 한인의 꿈과 고뇌,청강가능,인문
이주와 정주의 경계에 선 사람들 ,청강가능,인문
"병자호란의 창(窓)으로 다시 본 조선시대, 조선시대 사람들",청강가능,인문
포스트산업시대와 포스트 휴머니즘,청강가능,인문
아리스토텔레스 철학,청강가능,인문
한국 외교 콜로키움: 공공외교를 중심으로,청강가능,사회
"가족과 건강: 암, 극복할 수 있다 Ⅱ",종료,의료
디자인 프로세스,청강가능,의료
"가족과 건강: 암, 극복할 수 있다 Ⅰ ",청강가능,의료
인문브리꼴레르프로젝트 II,청강가능,인문
인적자원관리,청강가능,사회
컬러리더십,청강가능,사회
"민주주의: 역사, 현재, 그리고 미래",청강가능,사회
알기쉬운영양학,청강가능,자연
상인들이 만든 르네상스 예술이야기,청강가능,사회
중독의 심리학,청강가능,사회
초기불교,청강가능,사회
역사문화의 블루오션 바로보기,청강가능,인문
솔직한 원자력 이야기,청강가능,인문
Digital Forensic Investigation,종료,사회
"한국철학사, 한국지성사의 거장들을 만나다",청강가능,사회
중용 : 천국건설의 방법 찾기,종료,사회
차이나마케팅 : 중국 내수시장 공략하기,종료,사회
대학 : 현대인의 행복 찾기,종료,사회
소화약제학,청강가능,공학
The Korean Economic Development,청강가능,사회
경험디자인,청강가능,사회
소통-행복과 변화로 가는 길,청강가능,교육
자료구조,청강가능,공학
전자회로,종료,공학
경제학 첫걸음 Part 2: 거시경제학,청강가능,공학
경제학원론 : 미시경제학,종료,공학
로보틱스,청강가능,공학
범죄행동의 심리학,종료,사회
인문브리꼴레르프로젝트 I,청강가능,인문
파이썬을 이용한 빅데이터 분석,청강가능,공학
Physics for Everybody,청강가능,자연
계량경제학,청강가능,사회
현대건축의 흐름,종료,공학
중독상담,청강가능,공학
생명과학의 세계,청강가능,자연
음향학의 기초,청강가능,공학
중국고전 명시의 이해와 낭송,청강가능,공학
한국 산업의 현재와 미래: 산업 한류를 꿈꾸며(Ⅱ),청강가능,공학
가족과 건강 : 심뇌혈관질환의 예방,청강가능,의료
일반인을 위한 일반상대성이론Ⅱ,청강가능,자연
당신의 삶을 위한 철학의 에피소드,종료,자연
한국 산업의 현재와 미래: 산업 한류를 꿈꾸며(Ⅰ),청강가능,공학
쉽게 이해하는 FTA,청강가능,사회
경제학 첫걸음 Part 1: 미시경제학,청강가능,사회
"빅뱅 콘서트, 우주·생명·문명",청강가능,사회
과학적사고와인간,종료,인문
바이오헬스 미래융합기술의 세계,청강가능,인문
Fun-MOOC : 기계는 영원하다!,청강가능,공학
미적분학 I - 활용을 중심으로,종료,자연
"장자(莊子), 변신에서 자유를 찾다",종료,인문
알기 쉬운 영양학,청강가능,자연
화학 : 세상의 거의 모든 것!,청강가능,자연
글로벌 경제사,종료,사회
일반인을 위한 일반상대성이론Ⅰ,청강가능,자연
알기 쉬운 드론 항법제어,청강가능,공학
건축공간론,종료,공학
인공지능과 기계학습,청강가능,공학
바이오헬스 빅데이터 마이닝,청강가능,공학
가족과 건강: 행복한 삶을 위한 정신의학(Ⅰ),종료,의료
열전 소재 및 소자 입문,종료,공학
의공학:생명과 공학의 만남,종료,공학
맹자(孟子) 사람정치의 철학자,종료,인문
바이오에너제틱스(Bioenergetics),청강가능,자연
글로벌경제사,종료,사회
"미래로 가는 길, ALL 來(래)",청강가능,인문
객체지향형 프로그램 언어,종료,공학
인체해부학 - 뼈대와 근육,청강가능,의료
서비스디자인,청강가능,의료
호모 폴리티쿠스 : 우리가 만든 세계,청강가능,의료
"세계시민교육, 지구공동사회의 시민으로 살기",청강가능,의료
동역학 II ,청강가능,공학
컴퓨터구조,종료,공학
고령사회와 노인복지,청강가능,사회
소셜벤처 창업과 펀딩,청강가능,사회
동역학 I,청강가능,공학
Introduction to Quantitative Investing,청강가능,공학
가족과 건강: 심뇌혈관질환의 예방,종료,의료
한국 산업의 현재와 미래: 산업 한류를 꿈꾸며(Ⅰ),종료,공학
논어,종료,인문
4차 산업혁명과 사물인터넷 입문,청강가능,인문
우주의 이해,청강가능,인문
계량경제학,청강가능,사회
소셜 벤처 창업과 펀딩,청강가능,사회
알기 쉬운 드론 항법제어Ⅱ,종료,공학
일본어문법,청강가능,인문
일반인을 위한 첨단 과학기술의 세계,종료,인문
My Major & Big Data(내 전공과 빅데이터),종료,인문
Cybercrime and Digital Forensic Investigation,종료,사회
미적분학 - 활용을 중심으로,청강가능,자연
알기 쉬운 드론 항법제어Ⅰ,종료,공학
정보보호와 보안의 기초Ⅱ,종료,공학
정보보호와 보안의 기초Ⅰ,종료,공학
영화 스토리텔링의 이해,종료,인문
일반인을 위한 일반상대성이론,청강가능,자연
고전문헌과 역사문화,청강가능,인문
동역학,청강가능,공학
